SampleID,Population,i5.Primer,i7.Primer,Adapter,i5 sequence,i7 sequence,adapter sequence,file_name_R1,file_name_R2,file_name_R1rem,file_name_R2rem,PopID
17_219_Gm,CashesOlive,1,1,1,AGGCTATA,ATCACG,ATCACG,,,,,
17_008_Gm,MassRed,1,2,1,AGGCTATA,CGATGT,ATCACG,,,,,
18_076_Gm,NENear,1,3,1,AGGCTATA,TTAGGC,ATCACG,,,,,
16_232_Gm,MassWinter,1,1,2,AGGCTATA,ATCACG,CGATGT,,,,,
18_161_Gm,SWNear,1,2,2,AGGCTATA,CGATGT,CGATGT,,,,,
18_147_Gm,NEOff,1,3,2,AGGCTATA,TTAGGC,CGATGT,,,,,
17_033_Gm,MassSpring,1,1,3,AGGCTATA,ATCACG,TTAGGC,,,,,
17_010_Gm,MassRed,1,2,3,AGGCTATA,CGATGT,TTAGGC,,,,,
18_026_Gm,SWOff,1,3,3,AGGCTATA,TTAGGC,TTAGGC,,,,,
16_236_Gm,MassWinter,1,1,4,AGGCTATA,ATCACG,TGGCCA,,,,,
18_006_Gm,SWOff,1,2,4,AGGCTATA,CGATGT,TGGCCA,,,,,
16_225_Gm,MassWinter,1,3,4,AGGCTATA,TTAGGC,TGGCCA,,,,,
17_218_Gm,CashesOlive,1,1,5,AGGCTATA,ATCACG,ACAGTG,,,,,
18_146_Gm,NEOff,1,2,5,AGGCTATA,CGATGT,ACAGTG,,,,,
18_139_Gm,NEOff,1,3,5,AGGCTATA,TTAGGC,ACAGTG,,,,,
17_007_Gm,MassRed,1,1,6,AGGCTATA,ATCACG,GCCAAT,,,,,
18_100_Gm,NENear,1,2,6,AGGCTATA,CGATGT,GCCAAT,,,,,
18_067_Gm,NENear,1,3,6,AGGCTATA,TTAGGC,GCCAAT,,,,,
17_248_Gm,CashesOlive,1,1,7,AGGCTATA,ATCACG,CAGATC,,,,,
18_070_Gm,NENear,1,2,7,AGGCTATA,CGATGT,CAGATC,,,,,
17_235_Gm,CashesOlive,1,3,7,AGGCTATA,TTAGGC,CAGATC,,,,,
18_040_Gm,SWOff,1,1,8,AGGCTATA,ATCACG,ACTTGA,,,,,
16_227_Gm,MassSpring,1,2,8,AGGCTATA,CGATGT,ACTTGA,,,,,
18_072_Gm,NENear,1,3,8,AGGCTATA,TTAGGC,ACTTGA,,,,,
18_132_Gm,NEOff,1,1,9,AGGCTATA,ATCACG,GATCAG,,,,,
18_164_Gm,SWNear,1,2,9,AGGCTATA,CGATGT,GATCAG,,,,,
18_127_Gm,NEOff,1,3,9,AGGCTATA,TTAGGC,GATCAG,,,,,
18_184_Gm,SWNear,1,1,10,AGGCTATA,ATCACG,TAGCTT,,,,,
17_267_Gm,CashesRed,1,2,10,AGGCTATA,CGATGT,TAGCTT,,,,,
18_033_Gm,SWOff,1,3,10,AGGCTATA,TTAGGC,TAGCTT,,,,,
18_110_Gm,NEOff,1,1,11,AGGCTATA,ATCACG,GGCTAC,,,,,
18_154_Gm,SWNear,1,2,11,AGGCTATA,CGATGT,GGCTAC,,,,,
18_101_Gm,NENear,1,3,11,AGGCTATA,TTAGGC,GGCTAC,,,,,
18_119_Gm,NEOff,1,1,12,AGGCTATA,ATCACG,CTTGCA,,,,,
18_010_Gm,SWOff,1,2,12,AGGCTATA,CGATGT,CTTGCA,,,,,
18_172_Gm,SWNear,1,3,12,AGGCTATA,TTAGGC,CTTGCA,,,,,
18_102_Gm,NEOff,2,4,1,GCCTCTAT,TGACCA,ATCACG,,,,,
17_288_Gm,MassSpring,2,5,1,GCCTCTAT,ACAGTG,ATCACG,,,,,
18_016_Gm,SWOff,2,4,1,GCCTCTAT,TGACCA,ATCACG,,,,,
16_237_Gm,MassWinter,2,6,2,GCCTCTAT,GCCAAT,CGATGT,,,,,
18_005_Gm,SWOff,2,5,2,GCCTCTAT,ACAGTG,CGATGT,,,,,
16_230_Gm,MassWinter,2,6,2,GCCTCTAT,GCCAAT,CGATGT,,,,,
18_049_Gm,SWOff,2,4,3,GCCTCTAT,TGACCA,TTAGGC,,,,,
18_123_Gm,NEOff,2,5,3,GCCTCTAT,ACAGTG,TTAGGC,,,,,
17_238_Gm,CashesOlive,2,6,3,GCCTCTAT,GCCAAT,TTAGGC,,,,,
17_306_Gm,MassWinter,2,4,4,GCCTCTAT,TGACCA,TGGCCA,,,,,
18_024_Gm,SWOff,2,5,4,GCCTCTAT,ACAGTG,TGGCCA,,,,,
18_103_Gm,NEOff,2,6,4,GCCTCTAT,GCCAAT,TGGCCA,,,,,
17_211_Gm,CashesOlive,2,4,5,GCCTCTAT,TGACCA,ACAGTG,,,,,
18_043_Gm,SWOff,2,5,5,GCCTCTAT,ACAGTG,ACAGTG,,,,,
17_281_Gm,CashesRed,2,6,5,GCCTCTAT,GCCAAT,ACAGTG,,,,,
18_176_Gm,SWNear,2,4,6,GCCTCTAT,TGACCA,GCCAAT,,,,,
17_313_Gm,MassRed,2,5,6,GCCTCTAT,ACAGTG,GCCAAT,,,,,
18_157_Gm,SWNear,2,6,6,GCCTCTAT,GCCAAT,GCCAAT,,,,,
18_092_Gm,NENear,2,4,7,GCCTCTAT,TGACCA,CAGATC,,,,,
17_315_Gm,MassRed,2,5,7,GCCTCTAT,ACAGTG,CAGATC,,,,,
17_230_Gm,CashesOlive,2,6,7,GCCTCTAT,GCCAAT,CAGATC,,,,,
18_153_Gm,SWNear,2,4,8,GCCTCTAT,TGACCA,ACTTGA,,,,,
17_252_Gm,CashesRed,2,5,8,GCCTCTAT,ACAGTG,ACTTGA,,,,,
16_231_Gm,MassWinter,2,6,8,GCCTCTAT,GCCAAT,ACTTGA,,,,,
18_096_Gm,NENear,2,4,9,GCCTCTAT,TGACCA,GATCAG,,,,,
17_001_Gm,MassRed,2,5,9,GCCTCTAT,ACAGTG,GATCAG,,,,,
18_115_Gm,NEOff,2,6,9,GCCTCTAT,GCCAAT,GATCAG,,,,,
18_042_Gm,SWOff,2,4,10,GCCTCTAT,TGACCA,TAGCTT,,,,,
17_002_Gm,MassSpring,2,5,10,GCCTCTAT,ACAGTG,TAGCTT,,,,,
17_294_Gm,MassWinter,2,6,10,GCCTCTAT,GCCAAT,TAGCTT,,,,,
18_182_Gm,SWNear,2,4,11,GCCTCTAT,TGACCA,GGCTAC,,,,,
18_088_Gm,NENear,2,5,11,GCCTCTAT,ACAGTG,GGCTAC,,,,,
18_156_Gm,SWNear,2,6,11,GCCTCTAT,GCCAAT,GGCTAC,,,,,
18_170_Gm,SWNear,2,4,12,GCCTCTAT,TGACCA,CTTGCA,,,,,
17_276_Gm,CashesRed,2,5,12,GCCTCTAT,ACAGTG,CTTGCA,,,,,
18_126_Gm,NEOff,3,6,12,AGGATAGG,GCCAAT,CTTGCA,,,,,
16_223_Gm,MassSpring,3,7,1,AGGATAGG,CAGATC,ATCACG,,,,,
17_271_Gm,CashesRed,3,8,1,AGGATAGG,ACTTGA,ATCACG,,,,,
18_051_Gm,SWOff,3,9,1,AGGATAGG,GATCAG,ATCACG,,,,,
17_324_Gm,MassWinter,3,7,2,AGGATAGG,CAGATC,CGATGT,,,,,
18_149_Gm,NEOff,3,8,2,AGGATAGG,ACTTGA,CGATGT,,,,,
17_296_Gm,MassWinter,3,9,2,AGGATAGG,GATCAG,CGATGT,,,,,
17_316_Gm,MassRed,3,7,3,AGGATAGG,CAGATC,TTAGGC,,,,,
17_282_Gm,CashesRed,3,8,3,AGGATAGG,ACTTGA,TTAGGC,,,,,
18_039_Gm,SWOff,3,9,3,AGGATAGG,GATCAG,TTAGGC,,,,,
18_179_Gm,SWNear,3,7,4,AGGATAGG,CAGATC,TGGCCA,,,,,
18_183_Gm,SWNear,3,8,4,AGGATAGG,ACTTGA,TGGCCA,,,,,
18_112_Gm,NEOff,3,9,4,AGGATAGG,GATCAG,TGGCCA,,,,,
18_180_Gm,SWNear,3,7,5,AGGATAGG,CAGATC,ACAGTG,,,,,
17_203_Gm,CashesOlive,3,8,5,AGGATAGG,ACTTGA,ACAGTG,,,,,
18_032_Gm,SWOff,3,9,5,AGGATAGG,GATCAG,ACAGTG,,,,,
18_194_Gm,SWNear,3,7,6,AGGATAGG,CAGATC,GCCAAT,,,,,
18_052_Gm,NENear,3,8,6,AGGATAGG,ACTTGA,GCCAAT,,,,,
17_260_Gm,CashesOlive,3,9,6,AGGATAGG,GATCAG,GCCAAT,,,,,
17_287_Gm,MassSpring,3,7,7,AGGATAGG,CAGATC,CAGATC,,,,,
18_186_Gm,SWNear,3,8,7,AGGATAGG,ACTTGA,CAGATC,,,,,
18_099_Gm,NENear,3,9,7,AGGATAGG,GATCAG,CAGATC,,,,,
18_078_Gm,NENear,3,7,8,AGGATAGG,CAGATC,ACTTGA,,,,,
18_162_Gm,SWNear,3,8,8,AGGATAGG,ACTTGA,ACTTGA,,,,,
17_304_Gm,MassSpring,2,9,8,GCCTCTAT,GATCAG,ACTTGA,,,,,
17_280_Gm,CashesRed,3,7,9,AGGATAGG,CAGATC,GATCAG,,,,,
18_090_Gm,NENear,3,8,9,AGGATAGG,ACTTGA,GATCAG,,,,,
18_095_Gm,NENear,3,9,9,AGGATAGG,GATCAG,GATCAG,,,,,
18_025_Gm,SWOff,3,7,10,AGGATAGG,CAGATC,TAGCTT,,,,,
17_015_Gm,MassRed,3,8,10,AGGATAGG,ACTTGA,TAGCTT,,,,,
18_124_Gm,NEOff,3,9,10,AGGATAGG,GATCAG,TAGCTT,,,,,
16_216_Gm,MassWinter,3,7,11,AGGATAGG,CAGATC,GGCTAC,,,,,
17_156_Gm,MassRed,3,8,11,AGGATAGG,ACTTGA,GGCTAC,,,,,
17_309_Gm,MassWinter,3,9,11,AGGATAGG,GATCAG,GGCTAC,,,,,
18_143_Gm,NEOff,3,7,12,AGGATAGG,CAGATC,CTTGCA,,,,,
17_153_Gm,MassRed,3,8,12,AGGATAGG,ACTTGA,CTTGCA,,,,,
17_024_Gm,MassRed,3,9,12,AGGATAGG,GATCAG,CTTGCA,,,,,
17_261_Gm,CashesRed,9,4,1,TTGTCGGT,TGACCA,ATCACG,,,,,
18_001_Gm,SWOff,4,11,1,TCAGAGCC,GGCTAC,ATCACG,,,,,
17_027_Gm,MassRed,4,12,1,TCAGAGCC,CTTGTA,ATCACG,,,,,
18_166_Gm,SWNear,4,10,2,TCAGAGCC,TAGCTT,CGATGT,,,,,
18_173_Gm,SWNear,4,11,2,TCAGAGCC,GGCTAC,CGATGT,,,,,
18_058_Gm,NENear,4,12,2,TCAGAGCC,CTTGTA,CGATGT,,,,,
18_081_Gm,NENear,4,10,3,TCAGAGCC,TAGCTT,TTAGGC,,,,,
18_148_Gm,NEOff,4,11,3,TCAGAGCC,GGCTAC,TTAGGC,,,,,
18_189_Gm,SWNear,4,12,3,TCAGAGCC,CTTGTA,TTAGGC,,,,,
18_044_Gm,SWOff,4,10,4,TCAGAGCC,TAGCTT,TGGCCA,,,,,
18_064_Gm,NENear,4,11,4,TCAGAGCC,GGCTAC,TGGCCA,,,,,
18_125_Gm,NEOff,4,12,4,TCAGAGCC,CTTGTA,TGGCCA,,,,,
17_221_Gm,CashesOlive,4,10,5,TCAGAGCC,TAGCTT,ACAGTG,,,,,
16_228_Gm,MassSpring,4,11,5,TCAGAGCC,GGCTAC,ACAGTG,,,,,
17_206_Gm,CashesOlive,4,12,5,TCAGAGCC,CTTGTA,ACAGTG,,,,,
17_226_Gm,CashesOlive,4,10,6,TCAGAGCC,TAGCTT,GCCAAT,,,,,
17_210_Gm,CashesOlive,4,11,6,TCAGAGCC,GGCTAC,GCCAAT,,,,,
18_178_Gm,SWNear,4,12,6,TCAGAGCC,CTTGTA,GCCAAT,,,,,
18_093_Gm,NENear,4,10,7,TCAGAGCC,TAGCTT,CAGATC,,,,,
18_035_Gm,SWOff,4,11,7,TCAGAGCC,GGCTAC,CAGATC,,,,,
17_257_Gm,CashesRed,4,12,7,TCAGAGCC,CTTGTA,CAGATC,,,,,
17_006_Gm,MassRed,4,10,8,TCAGAGCC,TAGCTT,ACTTGA,,,,,
18_038_Gm,SWOff,4,11,8,TCAGAGCC,GGCTAC,ACTTGA,,,,,
18_138_Gm,NEOff,4,12,8,TCAGAGCC,CTTGTA,ACTTGA,,,,,
18_155_Gm,SWNear,4,10,9,TCAGAGCC,TAGCTT,GATCAG,,,,,
18_130_Gm,NEOff,4,11,9,TCAGAGCC,GGCTAC,GATCAG,,,,,
17_032_Gm,MassWinter,4,12,9,TCAGAGCC,CTTGTA,GATCAG,,,,,
18_122_Gm,NEOff,4,10,10,TCAGAGCC,TAGCTT,TAGCTT,,,,,
18_113_Gm,NEOff,4,11,10,TCAGAGCC,GGCTAC,TAGCTT,,,,,
18_077_Gm,NENear,4,12,10,TCAGAGCC,CTTGTA,TAGCTT,,,,,
17_272_Gm,CashesRed,4,10,11,TCAGAGCC,TAGCTT,GGCTAC,,,,,
18_190_Gm,SWNear,4,11,11,TCAGAGCC,GGCTAC,GGCTAC,,,,,
18_087_Gm,NENear,4,12,11,TCAGAGCC,CTTGTA,GGCTAC,,,,,
17_020_Gm,MassRed,4,10,12,TCAGAGCC,TAGCTT,CTTGCA,,,,,
17_327_Gm,MassWinter,4,11,12,TCAGAGCC,GGCTAC,CTTGCA,,,,,
16_239_Gm,MassWinter,4,12,12,TCAGAGCC,CTTGTA,CTTGCA,,,,,
18_030_Gm,SWOff,5,1,1,CTTCGCCT,ATCACG,ATCACG,,,,,
17_029_Gm,MassRed,5,2,1,CTTCGCCT,CGATGT,ATCACG,,,,,
18_136_Gm,NEOff,5,3,1,CTTCGCCT,TTAGGC,ATCACG,,,,,
16_240_Gm,MassSpring,5,1,2,CTTCGCCT,ATCACG,CGATGT,,,,,
17_305_Gm,MassWinter,5,2,2,CTTCGCCT,CGATGT,CGATGT,,,,,
16_214_Gm,MassRed,5,3,2,CTTCGCCT,TTAGGC,CGATGT,,,,,
17_017_Gm,MassRed,5,1,3,CTTCGCCT,ATCACG,TTAGGC,,,,,
18_117_Gm,NEOff,5,2,3,CTTCGCCT,CGATGT,TTAGGC,,,,,
17_023_Gm,MassRed,9,6,3,TTGTCGGT,GCCAAT,TTAGGC,,,,,
18_012_Gm,SWOff,5,1,4,CTTCGCCT,ATCACG,TGGCCA,,,,,
17_268_Gm,CashesRed,5,2,4,CTTCGCCT,CGATGT,TGGCCA,,,,,
18_167_Gm,SWNear,5,3,4,CTTCGCCT,TTAGGC,TGGCCA,,,,,
18_075_Gm,NENear,5,1,5,CTTCGCCT,ATCACG,ACAGTG,,,,,
18_073_Gm,NENear,5,2,5,CTTCGCCT,CGATGT,ACAGTG,,,,,
17_308_Gm,MassWinter,5,3,5,CTTCGCCT,TTAGGC,ACAGTG,,,,,
18_192_Gm,SWNear,5,1,6,CTTCGCCT,ATCACG,GCCAAT,,,,,
16_248_Gm,MassSpring,5,2,6,CTTCGCCT,CGATGT,GCCAAT,,,,,
18_141_Gm,NEOff,5,3,6,CTTCGCCT,TTAGGC,GCCAAT,,,,,
16_229_Gm,MassWinter,9,4,7,TTGTCGGT,TGACCA,CAGATC,,,,,
17_277_Gm,CashesOlive,5,2,7,CTTCGCCT,CGATGT,CAGATC,,,,,
17_325_Gm,MassSpring,5,3,7,CTTCGCCT,TTAGGC,CAGATC,,,,,
18_046_Gm,SWOff,5,1,8,CTTCGCCT,ATCACG,ACTTGA,,,,,
18_151_Gm,NEOff,5,2,8,CTTCGCCT,CGATGT,ACTTGA,,,,,
18_021_Gm,SWOff,5,3,8,CTTCGCCT,TTAGGC,ACTTGA,,,,,
17_215_Gm,CashesOlive,5,1,9,CTTCGCCT,ATCACG,GATCAG,,,,,
18_108_Gm,NEOff,5,2,9,CTTCGCCT,CGATGT,GATCAG,,,,,
17_234_Gm,CashesOlive,5,3,9,CTTCGCCT,TTAGGC,GATCAG,,,,,
18_015_Gm,SWOff,5,1,10,CTTCGCCT,ATCACG,TAGCTT,,,,,
17_154_Gm,MassRed,5,2,10,CTTCGCCT,CGATGT,TAGCTT,,,,,
18_031_Gm,SWOff,5,3,10,CTTCGCCT,TTAGGC,TAGCTT,,,,,
18_003_Gm,SWOff,5,1,11,CTTCGCCT,ATCACG,GGCTAC,,,,,
16_242_Gm,MassWinter,5,2,11,CTTCGCCT,CGATGT,GGCTAC,,,,,
18_193_Gm,SWNear,5,3,11,CTTCGCCT,TTAGGC,GGCTAC,,,,,
17_283_Gm,CashesRed,5,1,12,CTTCGCCT,ATCACG,CTTGCA,,,,,
16_243_Gm,MassSpring,5,2,12,CTTCGCCT,CGATGT,CTTGCA,,,,,
17_254_Gm,CashesRed,5,3,12,CTTCGCCT,TTAGGC,CTTGCA,,,,,
18_163_Gm,SWNear,6,4,1,TAAGATTA,TGACCA,ATCACG,,,,,
18_029_Gm,SWOff,6,5,1,TAAGATTA,ACAGTG,ATCACG,,,,,
18_094_Gm,NENear,6,6,1,TAAGATTA,GCCAAT,ATCACG,,,,,
18_020_Gm,SWOff,6,4,2,TAAGATTA,TGACCA,CGATGT,,,,,
18_061_Gm,NENear,6,5,2,TAAGATTA,ACAGTG,CGATGT,,,,,
17_253_Gm,CashesRed,6,6,2,TAAGATTA,GCCAAT,CGATGT,,,,,
17_298_Gm,MassWinter,6,4,3,TAAGATTA,TGACCA,TTAGGC,,,,,
17_240_Gm,CashesOlive,6,5,3,TAAGATTA,ACAGTG,TTAGGC,,,,,
18_022_Gm,SWOff,6,6,3,TAAGATTA,GCCAAT,TTAGGC,,,,,
17_013_Gm,MassRed,6,4,4,TAAGATTA,TGACCA,TGGCCA,,,,,
17_017_Gm,MassWinter,6,5,4,TAAGATTA,ACAGTG,TGGCCA,,,,,
16_245_Gm,MassSpring,6,6,4,TAAGATTA,GCCAAT,TGGCCA,,,,,
18_160_Gm,SWNear,6,4,5,TAAGATTA,TGACCA,ACAGTG,,,,,
18_008_Gm,SWOff,6,5,5,TAAGATTA,ACAGTG,ACAGTG,,,,,
17_273_Gm,CashesRed,6,6,5,TAAGATTA,GCCAAT,ACAGTG,,,,,
18_134_Gm,NEOff,6,4,6,TAAGATTA,TGACCA,GCCAAT,,,,,
17_016_Gm,MassRed,6,5,6,TAAGATTA,ACAGTG,GCCAAT,,,,,
17_031_Gm,MassRed,6,6,6,TAAGATTA,GCCAAT,GCCAAT,,,,,
18_097_Gm,NENear,6,4,7,TAAGATTA,TGACCA,CAGATC,,,,,
17_003_Gm,MassRed,6,5,7,TAAGATTA,ACAGTG,CAGATC,,,,,
18_084_Gm,NENear,6,6,7,TAAGATTA,GCCAAT,CAGATC,,,,,
18_074_Gm,NENear,6,4,8,TAAGATTA,TGACCA,ACTTGA,,,,,
17_022_Gm,MassRed,6,5,8,TAAGATTA,ACAGTG,ACTTGA,,,,,
17_262_Gm,CashesRed,6,6,8,TAAGATTA,GCCAAT,ACTTGA,,,,,
17_270_Gm,CashesRed,6,4,9,TAAGATTA,TGACCA,GATCAG,,,,,
18_048_Gm,SWOff,6,5,9,TAAGATTA,ACAGTG,GATCAG,,,,,
18_002_Gm,SWOff,6,6,9,TAAGATTA,GCCAAT,GATCAG,,,,,
18_171_Gm,SWNear,6,4,10,TAAGATTA,TGACCA,TAGCTT,,,,,
18_106_Gm,NEOff,6,5,10,TAAGATTA,ACAGTG,TAGCTT,,,,,
17_005_Gm,MassRed,6,6,10,TAAGATTA,GCCAAT,TAGCTT,,,,,
18_047_Gm,SWOff,9,5,11,TTGTCGGT,ACAGTG,GGCTAC,,,,,
18_118_Gm,NEOff,6,5,11,TAAGATTA,ACAGTG,GGCTAC,,,,,
17_242_Gm,CashesOlive,6,6,11,TAAGATTA,GCCAAT,GGCTAC,,,,,
16_211_Gm,MassRed,6,4,12,TAAGATTA,TGACCA,CTTGCA,,,,,
18_065_Gm,NENear,6,5,12,TAAGATTA,ACAGTG,CTTGCA,,,,,
17_314_Gm,MassRed,6,6,12,TAAGATTA,GCCAAT,CTTGCA,,,,,
17_265_Gm,CashesRed,7,7,1,ACGTCCTG,CAGATC,ATCACG,,,,,
18_120_Gm,NEOff,7,8,1,ACGTCCTG,ACTTGA,ATCACG,,,,,
16_224_Gm,MassWinter,7,9,1,ACGTCCTG,GATCAG,ATCACG,,,,,
18_109_Gm,NEOff,7,7,2,ACGTCCTG,CAGATC,CGATGT,,,,,
18_188_Gm,SWNear,7,8,2,ACGTCCTG,ACTTGA,CGATGT,,,,,
16_219_Gm,MassRed,7,9,2,ACGTCCTG,GATCAG,CGATGT,,,,,
18_174_Gm,SWNear,7,7,3,ACGTCCTG,CAGATC,TTAGGC,,,,,
17_326_Gm,MassWinter,7,8,3,ACGTCCTG,ACTTGA,TTAGGC,,,,,
18_082_Gm,NENear,7,9,3,ACGTCCTG,GATCAG,TTAGGC,,,,,
18_085_Gm,NENear,7,7,4,ACGTCCTG,CAGATC,TGGCCA,,,,,
18_086_Gm,NENear,7,8,4,ACGTCCTG,ACTTGA,TGGCCA,,,,,
18_013_Gm,SWOff,7,9,4,ACGTCCTG,GATCAG,TGGCCA,,,,,
17_216_Gm,CashesOlive,7,7,5,ACGTCCTG,CAGATC,ACAGTG,,,,,
18_098_Gm,NENear,7,8,5,ACGTCCTG,ACTTGA,ACAGTG,,,,,
18_165_Gm,SWNear,7,9,5,ACGTCCTG,GATCAG,ACAGTG,,,,,
18_128_Gm,NEOff,7,7,6,ACGTCCTG,CAGATC,GCCAAT,,,,,
18_185_Gm,SWNear,7,8,6,ACGTCCTG,ACTTGA,GCCAAT,,,,,
18_041_Gm,SWOff,7,9,6,ACGTCCTG,GATCAG,GCCAAT,,,,,
18_053_Gm,NENear,7,7,7,ACGTCCTG,CAGATC,CAGATC,,,,,
18_133_Gm,NEOff,7,8,7,ACGTCCTG,ACTTGA,CAGATC,,,,,
18_069_Gm,NENear,7,9,7,ACGTCCTG,GATCAG,CAGATC,,,,,
17_256_Gm,CashesRed,7,7,8,ACGTCCTG,CAGATC,ACTTGA,,,,,
16_238_Gm,MassWinter,7,8,8,ACGTCCTG,ACTTGA,ACTTGA,,,,,
17_233_Gm,CashesOlive,7,9,8,ACGTCCTG,GATCAG,ACTTGA,,,,,
18_187_Gm,SWNear,7,7,9,ACGTCCTG,CAGATC,GATCAG,,,,,
18_037_Gm,SWOff,7,8,9,ACGTCCTG,ACTTGA,GATCAG,,,,,
18_158_Gm,SWNear,7,9,9,ACGTCCTG,GATCAG,GATCAG,,,,,
16_247_Gm,MassWinter,7,7,10,ACGTCCTG,CAGATC,TAGCTT,,,,,
17_264_Gm,CashesRed,7,8,10,ACGTCCTG,ACTTGA,TAGCTT,,,,,
18_019_Gm,SWOff,7,9,10,ACGTCCTG,GATCAG,TAGCTT,,,,,
18_062_Gm,NENear,7,7,11,ACGTCCTG,CAGATC,GGCTAC,,,,,
16_241_Gm,MassWinter,7,8,11,ACGTCCTG,ACTTGA,GGCTAC,,,,,
17_249_Gm,CashesOlive,7,9,11,ACGTCCTG,GATCAG,GGCTAC,,,,,
17_259_Gm,CashesRed,7,7,12,ACGTCCTG,CAGATC,CTTGCA,,,,,
18_104_Gm,NEOff,7,8,12,ACGTCCTG,ACTTGA,CTTGCA,,,,,
16_221_Gm,MassSpring,7,9,12,ACGTCCTG,GATCAG,CTTGCA,,,,,
17_285_Gm,MassWinter,8,10,1,GTCAGTAC,TAGCTT,ATCACG,,,,,
17_286_Gm,MassWinter,8,11,1,GTCAGTAC,GGCTAC,ATCACG,,,,,
16_249_Gm,MassWinter,8,12,1,GTCAGTAC,CTTGTA,ATCACG,,,,,
18_083_Gm,NENear,8,10,2,GTCAGTAC,TAGCTT,CGATGT,,,,,
18_152_Gm,SWNear,8,11,2,GTCAGTAC,GGCTAC,CGATGT,,,,,
17_018_Gm,MassRed,8,12,2,GTCAGTAC,CTTGTA,CGATGT,,,,,
18_080_Gm,NENear,8,10,3,GTCAGTAC,TAGCTT,TTAGGC,,,,,
17_026_Gm,MassRed,8,11,3,GTCAGTAC,GGCTAC,TTAGGC,,,,,
18_168_Gm,SWNear,8,12,3,GTCAGTAC,CTTGTA,TTAGGC,,,,,
17_028_Gm,MassRed,8,10,4,GTCAGTAC,TAGCTT,TGGCCA,,,,,
18_116_Gm,NEOff,8,11,4,GTCAGTAC,GGCTAC,TGGCCA,,,,,
18_175_Gm,SWNear,8,12,4,GTCAGTAC,CTTGTA,TGGCCA,,,,,
17_224_Gm,CashesOlive,8,10,5,GTCAGTAC,TAGCTT,ACAGTG,,,,,
18_131_Gm,NEOff,8,11,5,GTCAGTAC,GGCTAC,ACAGTG,,,,,
18_142_Gm,NEOff,8,12,5,GTCAGTAC,CTTGTA,ACAGTG,,,,,
17_292_Gm,MassSpring,8,10,6,GTCAGTAC,TAGCTT,GCCAAT,,,,,
17_011_Gm,MassRed,8,11,6,GTCAGTAC,GGCTAC,GCCAAT,,,,,
16_218_Gm,MassRed,8,12,6,GTCAGTAC,CTTGTA,GCCAAT,,,,,
18_159_Gm,SWNear,8,10,7,GTCAGTAC,TAGCTT,CAGATC,,,,,
17_263_Gm,CashesRed,8,11,7,GTCAGTAC,GGCTAC,CAGATC,,,,,
18_056_Gm,NENear,8,12,7,GTCAGTAC,CTTGTA,CAGATC,,,,,
18_014_Gm,SWOff,8,10,8,GTCAGTAC,TAGCTT,ACTTGA,,,,,
17_245_Gm,CashesOlive,8,11,8,GTCAGTAC,GGCTAC,ACTTGA,,,,,
16_220_Gm,MassWinter,8,12,8,GTCAGTAC,CTTGTA,ACTTGA,,,,,
17_317_Gm,MassWinter,8,10,9,GTCAGTAC,TAGCTT,GATCAG,,,,,
17_289_Gm,MassWinter,8,11,9,GTCAGTAC,GGCTAC,GATCAG,,,,,
17_258_Gm,CashesRed,8,12,9,GTCAGTAC,CTTGTA,GATCAG,,,,,
17_279_Gm,CashesRed,8,10,10,GTCAGTAC,TAGCTT,TAGCTT,,,,,
18_191_Gm,SWNear,8,11,10,GTCAGTAC,GGCTAC,TAGCTT,,,,,
18_140_Gm,NEOff,8,12,10,GTCAGTAC,CTTGTA,TAGCTT,,,,,
17_311_Gm,MassWinter,8,10,11,GTCAGTAC,TAGCTT,GGCTAC,,,,,
17_204_Gm,CashesOlive,8,11,11,GTCAGTAC,GGCTAC,GGCTAC,,,,,
18_150_Gm,NEOff,8,12,11,GTCAGTAC,CTTGTA,GGCTAC,,,,,
17_284_Gm,MassWinter,8,10,12,GTCAGTAC,TAGCTT,CTTGCA,,,,,
18_034_Gm,SWOff,8,11,12,GTCAGTAC,GGCTAC,CTTGCA,,,,,
17_303_Gm,MassWinter,8,12,12,GTCAGTAC,CTTGTA,CTTGCA,,,,,
18_059_Gm,NENear,9,1,1,TTGTCGGT,ATCACG,ATCACG,,,,,
17_155_Gm,MassRed,9,2,2,TTGTCGGT,CGATGT,CGATGT,,,,,
18_017_Gm,SWOff,9,3,3,TTGTCGGT,TTAGGC,TTAGGC,,,,,
17_030_Gm,MassSpring,9,1,4,TTGTCGGT,ATCACG,TGGCCA,,,,,
17_290_Gm,MassSpring,9,2,5,TTGTCGGT,CGATGT,ACAGTG,,,,,
17_278_Gm,CashesRed,9,3,6,TTGTCGGT,TTAGGC,GCCAAT,,,,,
18_091_Gm,NENear,9,1,7,TTGTCGGT,ATCACG,CAGATC,,,,,
17_019_Gm,MassRed,9,2,8,TTGTCGGT,CGATGT,ACTTGA,,,,,
17_291_Gm,MassWinter,9,3,9,TTGTCGGT,TTAGGC,GATCAG,,,,,
16_233_Gm,MassWinter,9,1,10,TTGTCGGT,ATCACG,TAGCTT,,,,,
16_234_Gm,MassWinter,9,2,11,TTGTCGGT,CGATGT,GGCTAC,,,,,
17_236_Gm,CashesOlive,9,3,12,TTGTCGGT,TTAGGC,CTTGCA,,,,,
17_011_Gm,MassRed,9,6,6,TTGTCGGT,GCCAAT,GCCAAT,,,,,