,SampleID,Population,i5.Primer,i7.Primer,Adapter,i5.sequence,i7.sequence,adapter.sequence,file_name_R1,file_name_R2,file_name_R1rem,file_name_R2rem,PopID,Sample5digit,NewSampleID
1,17_219_Gm,CashesOlive,1,1,1,AGGCTATA,ATCACG,ATCACG,Pop4_17219.1.fq.gz,Pop4_17219.2.fq.gz,Pop4_17219.rem.1.fq.gz,Pop4_17219.rem.2.fq.gz,Pop4,17219,Pop4_17219
2,17_008_Gm,MassRed,1,2,1,AGGCTATA,CGATGT,ATCACG,Pop2_17008.1.fq.gz,Pop2_17008.2.fq.gz,Pop2_17008.rem.1.fq.gz,Pop2_17008.rem.2.fq.gz,Pop2,17008,Pop2_17008
3,18_076_Gm,NENear,1,3,1,AGGCTATA,TTAGGC,ATCACG,Pop9_18076.1.fq.gz,Pop9_18076.2.fq.gz,Pop9_18076.rem.1.fq.gz,Pop9_18076.rem.2.fq.gz,Pop9,18076,Pop9_18076
4,16_232_Gm,MassWinter,1,1,2,AGGCTATA,ATCACG,CGATGT,Pop1_16232.1.fq.gz,Pop1_16232.2.fq.gz,Pop1_16232.rem.1.fq.gz,Pop1_16232.rem.2.fq.gz,Pop1,16232,Pop1_16232
5,18_161_Gm,SWNear,1,2,2,AGGCTATA,CGATGT,CGATGT,Pop7_18161.1.fq.gz,Pop7_18161.2.fq.gz,Pop7_18161.rem.1.fq.gz,Pop7_18161.rem.2.fq.gz,Pop7,18161,Pop7_18161
6,18_147_Gm,NEOff,1,3,2,AGGCTATA,TTAGGC,CGATGT,Pop8_18147.1.fq.gz,Pop8_18147.2.fq.gz,Pop8_18147.rem.1.fq.gz,Pop8_18147.rem.2.fq.gz,Pop8,18147,Pop8_18147
7,17_033_Gm,MassSpring,1,1,3,AGGCTATA,ATCACG,TTAGGC,Pop3_17033.1.fq.gz,Pop3_17033.2.fq.gz,Pop3_17033.rem.1.fq.gz,Pop3_17033.rem.2.fq.gz,Pop3,17033,Pop3_17033
8,17_010_Gm,MassRed,1,2,3,AGGCTATA,CGATGT,TTAGGC,Pop2_17010.1.fq.gz,Pop2_17010.2.fq.gz,Pop2_17010.rem.1.fq.gz,Pop2_17010.rem.2.fq.gz,Pop2,17010,Pop2_17010
9,18_026_Gm,SWOff,1,3,3,AGGCTATA,TTAGGC,TTAGGC,Pop6_18026.1.fq.gz,Pop6_18026.2.fq.gz,Pop6_18026.rem.1.fq.gz,Pop6_18026.rem.2.fq.gz,Pop6,18026,Pop6_18026
10,16_236_Gm,MassWinter,1,1,4,AGGCTATA,ATCACG,TGGCCA,Pop1_16236.1.fq.gz,Pop1_16236.2.fq.gz,Pop1_16236.rem.1.fq.gz,Pop1_16236.rem.2.fq.gz,Pop1,16236,Pop1_16236
11,18_006_Gm,SWOff,1,2,4,AGGCTATA,CGATGT,TGGCCA,Pop6_18006.1.fq.gz,Pop6_18006.2.fq.gz,Pop6_18006.rem.1.fq.gz,Pop6_18006.rem.2.fq.gz,Pop6,18006,Pop6_18006
12,16_225_Gm,MassWinter,1,3,4,AGGCTATA,TTAGGC,TGGCCA,Pop1_16225.1.fq.gz,Pop1_16225.2.fq.gz,Pop1_16225.rem.1.fq.gz,Pop1_16225.rem.2.fq.gz,Pop1,16225,Pop1_16225
13,17_218_Gm,CashesOlive,1,1,5,AGGCTATA,ATCACG,ACAGTG,Pop4_17218.1.fq.gz,Pop4_17218.2.fq.gz,Pop4_17218.rem.1.fq.gz,Pop4_17218.rem.2.fq.gz,Pop4,17218,Pop4_17218
14,18_146_Gm,NEOff,1,2,5,AGGCTATA,CGATGT,ACAGTG,Pop8_18146.1.fq.gz,Pop8_18146.2.fq.gz,Pop8_18146.rem.1.fq.gz,Pop8_18146.rem.2.fq.gz,Pop8,18146,Pop8_18146
15,18_139_Gm,NEOff,1,3,5,AGGCTATA,TTAGGC,ACAGTG,Pop8_18139.1.fq.gz,Pop8_18139.2.fq.gz,Pop8_18139.rem.1.fq.gz,Pop8_18139.rem.2.fq.gz,Pop8,18139,Pop8_18139
16,17_007_Gm,MassRed,1,1,6,AGGCTATA,ATCACG,GCCAAT,Pop2_17007.1.fq.gz,Pop2_17007.2.fq.gz,Pop2_17007.rem.1.fq.gz,Pop2_17007.rem.2.fq.gz,Pop2,17007,Pop2_17007
17,18_100_Gm,NENear,1,2,6,AGGCTATA,CGATGT,GCCAAT,Pop9_18100.1.fq.gz,Pop9_18100.2.fq.gz,Pop9_18100.rem.1.fq.gz,Pop9_18100.rem.2.fq.gz,Pop9,18100,Pop9_18100
18,18_067_Gm,NENear,1,3,6,AGGCTATA,TTAGGC,GCCAAT,Pop9_18067.1.fq.gz,Pop9_18067.2.fq.gz,Pop9_18067.rem.1.fq.gz,Pop9_18067.rem.2.fq.gz,Pop9,18067,Pop9_18067
19,17_248_Gm,CashesOlive,1,1,7,AGGCTATA,ATCACG,CAGATC,Pop4_17248.1.fq.gz,Pop4_17248.2.fq.gz,Pop4_17248.rem.1.fq.gz,Pop4_17248.rem.2.fq.gz,Pop4,17248,Pop4_17248
20,18_070_Gm,NENear,1,2,7,AGGCTATA,CGATGT,CAGATC,Pop9_18070.1.fq.gz,Pop9_18070.2.fq.gz,Pop9_18070.rem.1.fq.gz,Pop9_18070.rem.2.fq.gz,Pop9,18070,Pop9_18070
21,17_235_Gm,CashesOlive,1,3,7,AGGCTATA,TTAGGC,CAGATC,Pop4_17235.1.fq.gz,Pop4_17235.2.fq.gz,Pop4_17235.rem.1.fq.gz,Pop4_17235.rem.2.fq.gz,Pop4,17235,Pop4_17235
22,18_040_Gm,SWOff,1,1,8,AGGCTATA,ATCACG,ACTTGA,Pop6_18040.1.fq.gz,Pop6_18040.2.fq.gz,Pop6_18040.rem.1.fq.gz,Pop6_18040.rem.2.fq.gz,Pop6,18040,Pop6_18040
23,16_227_Gm,MassSpring,1,2,8,AGGCTATA,CGATGT,ACTTGA,Pop3_16227.1.fq.gz,Pop3_16227.2.fq.gz,Pop3_16227.rem.1.fq.gz,Pop3_16227.rem.2.fq.gz,Pop3,16227,Pop3_16227
24,18_072_Gm,NENear,1,3,8,AGGCTATA,TTAGGC,ACTTGA,Pop9_18072.1.fq.gz,Pop9_18072.2.fq.gz,Pop9_18072.rem.1.fq.gz,Pop9_18072.rem.2.fq.gz,Pop9,18072,Pop9_18072
25,18_132_Gm,NEOff,1,1,9,AGGCTATA,ATCACG,GATCAG,Pop8_18132.1.fq.gz,Pop8_18132.2.fq.gz,Pop8_18132.rem.1.fq.gz,Pop8_18132.rem.2.fq.gz,Pop8,18132,Pop8_18132
26,18_164_Gm,SWNear,1,2,9,AGGCTATA,CGATGT,GATCAG,Pop7_18164.1.fq.gz,Pop7_18164.2.fq.gz,Pop7_18164.rem.1.fq.gz,Pop7_18164.rem.2.fq.gz,Pop7,18164,Pop7_18164
27,18_127_Gm,NEOff,1,3,9,AGGCTATA,TTAGGC,GATCAG,Pop8_18127.1.fq.gz,Pop8_18127.2.fq.gz,Pop8_18127.rem.1.fq.gz,Pop8_18127.rem.2.fq.gz,Pop8,18127,Pop8_18127
28,18_184_Gm,SWNear,1,1,10,AGGCTATA,ATCACG,TAGCTT,Pop7_18184.1.fq.gz,Pop7_18184.2.fq.gz,Pop7_18184.rem.1.fq.gz,Pop7_18184.rem.2.fq.gz,Pop7,18184,Pop7_18184
29,17_267_Gm,CashesRed,1,2,10,AGGCTATA,CGATGT,TAGCTT,Pop5_17267.1.fq.gz,Pop5_17267.2.fq.gz,Pop5_17267.rem.1.fq.gz,Pop5_17267.rem.2.fq.gz,Pop5,17267,Pop5_17267
30,18_033_Gm,SWOff,1,3,10,AGGCTATA,TTAGGC,TAGCTT,Pop6_18033.1.fq.gz,Pop6_18033.2.fq.gz,Pop6_18033.rem.1.fq.gz,Pop6_18033.rem.2.fq.gz,Pop6,18033,Pop6_18033
31,18_110_Gm,NEOff,1,1,11,AGGCTATA,ATCACG,GGCTAC,Pop8_18110.1.fq.gz,Pop8_18110.2.fq.gz,Pop8_18110.rem.1.fq.gz,Pop8_18110.rem.2.fq.gz,Pop8,18110,Pop8_18110
32,18_154_Gm,SWNear,1,2,11,AGGCTATA,CGATGT,GGCTAC,Pop7_18154.1.fq.gz,Pop7_18154.2.fq.gz,Pop7_18154.rem.1.fq.gz,Pop7_18154.rem.2.fq.gz,Pop7,18154,Pop7_18154
33,18_101_Gm,NENear,1,3,11,AGGCTATA,TTAGGC,GGCTAC,Pop9_18101.1.fq.gz,Pop9_18101.2.fq.gz,Pop9_18101.rem.1.fq.gz,Pop9_18101.rem.2.fq.gz,Pop9,18101,Pop9_18101
34,18_119_Gm,NEOff,1,1,12,AGGCTATA,ATCACG,CTTGCA,Pop8_18119.1.fq.gz,Pop8_18119.2.fq.gz,Pop8_18119.rem.1.fq.gz,Pop8_18119.rem.2.fq.gz,Pop8,18119,Pop8_18119
35,18_010_Gm,SWOff,1,2,12,AGGCTATA,CGATGT,CTTGCA,Pop6_18010.1.fq.gz,Pop6_18010.2.fq.gz,Pop6_18010.rem.1.fq.gz,Pop6_18010.rem.2.fq.gz,Pop6,18010,Pop6_18010
36,18_172_Gm,SWNear,1,3,12,AGGCTATA,TTAGGC,CTTGCA,Pop7_18172.1.fq.gz,Pop7_18172.2.fq.gz,Pop7_18172.rem.1.fq.gz,Pop7_18172.rem.2.fq.gz,Pop7,18172,Pop7_18172
37,18_102_Gm,NEOff,2,4,1,GCCTCTAT,TGACCA,ATCACG,Pop8_18102.1.fq.gz,Pop8_18102.2.fq.gz,Pop8_18102.rem.1.fq.gz,Pop8_18102.rem.2.fq.gz,Pop8,18102,Pop8_18102
38,17_288_Gm,MassSpring,2,5,1,GCCTCTAT,ACAGTG,ATCACG,Pop3_17288.1.fq.gz,Pop3_17288.2.fq.gz,Pop3_17288.rem.1.fq.gz,Pop3_17288.rem.2.fq.gz,Pop3,17288,Pop3_17288
39,18_016_Gm,SWOff,2,4,1,GCCTCTAT,TGACCA,ATCACG,Pop6_18016.1.fq.gz,Pop6_18016.2.fq.gz,Pop6_18016.rem.1.fq.gz,Pop6_18016.rem.2.fq.gz,Pop6,18016,Pop6_18016
40,16_237_Gm,MassWinter,2,6,2,GCCTCTAT,GCCAAT,CGATGT,Pop1_16237.1.fq.gz,Pop1_16237.2.fq.gz,Pop1_16237.rem.1.fq.gz,Pop1_16237.rem.2.fq.gz,Pop1,16237,Pop1_16237
41,18_005_Gm,SWOff,2,5,2,GCCTCTAT,ACAGTG,CGATGT,Pop6_18005.1.fq.gz,Pop6_18005.2.fq.gz,Pop6_18005.rem.1.fq.gz,Pop6_18005.rem.2.fq.gz,Pop6,18005,Pop6_18005
42,16_230_Gm,MassWinter,2,6,2,GCCTCTAT,GCCAAT,CGATGT,Pop1_16230.1.fq.gz,Pop1_16230.2.fq.gz,Pop1_16230.rem.1.fq.gz,Pop1_16230.rem.2.fq.gz,Pop1,16230,Pop1_16230
43,18_049_Gm,SWOff,2,4,3,GCCTCTAT,TGACCA,TTAGGC,Pop6_18049.1.fq.gz,Pop6_18049.2.fq.gz,Pop6_18049.rem.1.fq.gz,Pop6_18049.rem.2.fq.gz,Pop6,18049,Pop6_18049
44,18_123_Gm,NEOff,2,5,3,GCCTCTAT,ACAGTG,TTAGGC,Pop8_18123.1.fq.gz,Pop8_18123.2.fq.gz,Pop8_18123.rem.1.fq.gz,Pop8_18123.rem.2.fq.gz,Pop8,18123,Pop8_18123
45,17_238_Gm,CashesOlive,2,6,3,GCCTCTAT,GCCAAT,TTAGGC,Pop4_17238.1.fq.gz,Pop4_17238.2.fq.gz,Pop4_17238.rem.1.fq.gz,Pop4_17238.rem.2.fq.gz,Pop4,17238,Pop4_17238
46,17_306_Gm,MassWinter,2,4,4,GCCTCTAT,TGACCA,TGGCCA,Pop1_17306.1.fq.gz,Pop1_17306.2.fq.gz,Pop1_17306.rem.1.fq.gz,Pop1_17306.rem.2.fq.gz,Pop1,17306,Pop1_17306
47,18_024_Gm,SWOff,2,5,4,GCCTCTAT,ACAGTG,TGGCCA,Pop6_18024.1.fq.gz,Pop6_18024.2.fq.gz,Pop6_18024.rem.1.fq.gz,Pop6_18024.rem.2.fq.gz,Pop6,18024,Pop6_18024
48,18_103_Gm,NEOff,2,6,4,GCCTCTAT,GCCAAT,TGGCCA,Pop8_18103.1.fq.gz,Pop8_18103.2.fq.gz,Pop8_18103.rem.1.fq.gz,Pop8_18103.rem.2.fq.gz,Pop8,18103,Pop8_18103
49,17_211_Gm,CashesOlive,2,4,5,GCCTCTAT,TGACCA,ACAGTG,Pop4_17211.1.fq.gz,Pop4_17211.2.fq.gz,Pop4_17211.rem.1.fq.gz,Pop4_17211.rem.2.fq.gz,Pop4,17211,Pop4_17211
50,18_043_Gm,SWOff,2,5,5,GCCTCTAT,ACAGTG,ACAGTG,Pop6_18043.1.fq.gz,Pop6_18043.2.fq.gz,Pop6_18043.rem.1.fq.gz,Pop6_18043.rem.2.fq.gz,Pop6,18043,Pop6_18043
51,17_281_Gm,CashesRed,2,6,5,GCCTCTAT,GCCAAT,ACAGTG,Pop5_17281.1.fq.gz,Pop5_17281.2.fq.gz,Pop5_17281.rem.1.fq.gz,Pop5_17281.rem.2.fq.gz,Pop5,17281,Pop5_17281
52,18_176_Gm,SWNear,2,4,6,GCCTCTAT,TGACCA,GCCAAT,Pop7_18176.1.fq.gz,Pop7_18176.2.fq.gz,Pop7_18176.rem.1.fq.gz,Pop7_18176.rem.2.fq.gz,Pop7,18176,Pop7_18176
53,17_313_Gm,MassRed,2,5,6,GCCTCTAT,ACAGTG,GCCAAT,Pop2_17313.1.fq.gz,Pop2_17313.2.fq.gz,Pop2_17313.rem.1.fq.gz,Pop2_17313.rem.2.fq.gz,Pop2,17313,Pop2_17313
54,18_157_Gm,SWNear,2,6,6,GCCTCTAT,GCCAAT,GCCAAT,Pop7_18157.1.fq.gz,Pop7_18157.2.fq.gz,Pop7_18157.rem.1.fq.gz,Pop7_18157.rem.2.fq.gz,Pop7,18157,Pop7_18157
55,18_092_Gm,NENear,2,4,7,GCCTCTAT,TGACCA,CAGATC,Pop9_18092.1.fq.gz,Pop9_18092.2.fq.gz,Pop9_18092.rem.1.fq.gz,Pop9_18092.rem.2.fq.gz,Pop9,18092,Pop9_18092
56,17_315_Gm,MassRed,2,5,7,GCCTCTAT,ACAGTG,CAGATC,Pop2_17315.1.fq.gz,Pop2_17315.2.fq.gz,Pop2_17315.rem.1.fq.gz,Pop2_17315.rem.2.fq.gz,Pop2,17315,Pop2_17315
57,17_230_Gm,CashesOlive,2,6,7,GCCTCTAT,GCCAAT,CAGATC,Pop4_17230.1.fq.gz,Pop4_17230.2.fq.gz,Pop4_17230.rem.1.fq.gz,Pop4_17230.rem.2.fq.gz,Pop4,17230,Pop4_17230
58,18_153_Gm,SWNear,2,4,8,GCCTCTAT,TGACCA,ACTTGA,Pop7_18153.1.fq.gz,Pop7_18153.2.fq.gz,Pop7_18153.rem.1.fq.gz,Pop7_18153.rem.2.fq.gz,Pop7,18153,Pop7_18153
59,17_252_Gm,CashesRed,2,5,8,GCCTCTAT,ACAGTG,ACTTGA,Pop5_17252.1.fq.gz,Pop5_17252.2.fq.gz,Pop5_17252.rem.1.fq.gz,Pop5_17252.rem.2.fq.gz,Pop5,17252,Pop5_17252
60,16_231_Gm,MassWinter,2,6,8,GCCTCTAT,GCCAAT,ACTTGA,Pop1_16231.1.fq.gz,Pop1_16231.2.fq.gz,Pop1_16231.rem.1.fq.gz,Pop1_16231.rem.2.fq.gz,Pop1,16231,Pop1_16231
61,18_096_Gm,NENear,2,4,9,GCCTCTAT,TGACCA,GATCAG,Pop9_18096.1.fq.gz,Pop9_18096.2.fq.gz,Pop9_18096.rem.1.fq.gz,Pop9_18096.rem.2.fq.gz,Pop9,18096,Pop9_18096
62,17_001_Gm,MassRed,2,5,9,GCCTCTAT,ACAGTG,GATCAG,Pop2_17001.1.fq.gz,Pop2_17001.2.fq.gz,Pop2_17001.rem.1.fq.gz,Pop2_17001.rem.2.fq.gz,Pop2,17001,Pop2_17001
63,18_115_Gm,NEOff,2,6,9,GCCTCTAT,GCCAAT,GATCAG,Pop8_18115.1.fq.gz,Pop8_18115.2.fq.gz,Pop8_18115.rem.1.fq.gz,Pop8_18115.rem.2.fq.gz,Pop8,18115,Pop8_18115
64,18_042_Gm,SWOff,2,4,10,GCCTCTAT,TGACCA,TAGCTT,Pop6_18042.1.fq.gz,Pop6_18042.2.fq.gz,Pop6_18042.rem.1.fq.gz,Pop6_18042.rem.2.fq.gz,Pop6,18042,Pop6_18042
65,17_002_Gm,MassSpring,2,5,10,GCCTCTAT,ACAGTG,TAGCTT,Pop3_17002.1.fq.gz,Pop3_17002.2.fq.gz,Pop3_17002.rem.1.fq.gz,Pop3_17002.rem.2.fq.gz,Pop3,17002,Pop3_17002
66,17_294_Gm,MassWinter,2,6,10,GCCTCTAT,GCCAAT,TAGCTT,Pop1_17294.1.fq.gz,Pop1_17294.2.fq.gz,Pop1_17294.rem.1.fq.gz,Pop1_17294.rem.2.fq.gz,Pop1,17294,Pop1_17294
67,18_182_Gm,SWNear,2,4,11,GCCTCTAT,TGACCA,GGCTAC,Pop7_18182.1.fq.gz,Pop7_18182.2.fq.gz,Pop7_18182.rem.1.fq.gz,Pop7_18182.rem.2.fq.gz,Pop7,18182,Pop7_18182
68,18_088_Gm,NENear,2,5,11,GCCTCTAT,ACAGTG,GGCTAC,Pop9_18088.1.fq.gz,Pop9_18088.2.fq.gz,Pop9_18088.rem.1.fq.gz,Pop9_18088.rem.2.fq.gz,Pop9,18088,Pop9_18088
69,18_156_Gm,SWNear,2,6,11,GCCTCTAT,GCCAAT,GGCTAC,Pop7_18156.1.fq.gz,Pop7_18156.2.fq.gz,Pop7_18156.rem.1.fq.gz,Pop7_18156.rem.2.fq.gz,Pop7,18156,Pop7_18156
70,18_170_Gm,SWNear,2,4,12,GCCTCTAT,TGACCA,CTTGCA,Pop7_18170.1.fq.gz,Pop7_18170.2.fq.gz,Pop7_18170.rem.1.fq.gz,Pop7_18170.rem.2.fq.gz,Pop7,18170,Pop7_18170
71,17_276_Gm,CashesRed,2,5,12,GCCTCTAT,ACAGTG,CTTGCA,Pop5_17276.1.fq.gz,Pop5_17276.2.fq.gz,Pop5_17276.rem.1.fq.gz,Pop5_17276.rem.2.fq.gz,Pop5,17276,Pop5_17276
72,18_126_Gm,NEOff,3,6,12,AGGATAGG,GCCAAT,CTTGCA,Pop8_18126.1.fq.gz,Pop8_18126.2.fq.gz,Pop8_18126.rem.1.fq.gz,Pop8_18126.rem.2.fq.gz,Pop8,18126,Pop8_18126
73,16_223_Gm,MassSpring,3,7,1,AGGATAGG,CAGATC,ATCACG,Pop3_16223.1.fq.gz,Pop3_16223.2.fq.gz,Pop3_16223.rem.1.fq.gz,Pop3_16223.rem.2.fq.gz,Pop3,16223,Pop3_16223
74,17_271_Gm,CashesRed,3,8,1,AGGATAGG,ACTTGA,ATCACG,Pop5_17271.1.fq.gz,Pop5_17271.2.fq.gz,Pop5_17271.rem.1.fq.gz,Pop5_17271.rem.2.fq.gz,Pop5,17271,Pop5_17271
75,18_051_Gm,SWOff,3,9,1,AGGATAGG,GATCAG,ATCACG,Pop6_18051.1.fq.gz,Pop6_18051.2.fq.gz,Pop6_18051.rem.1.fq.gz,Pop6_18051.rem.2.fq.gz,Pop6,18051,Pop6_18051
76,17_324_Gm,MassWinter,3,7,2,AGGATAGG,CAGATC,CGATGT,Pop1_17324.1.fq.gz,Pop1_17324.2.fq.gz,Pop1_17324.rem.1.fq.gz,Pop1_17324.rem.2.fq.gz,Pop1,17324,Pop1_17324
77,18_149_Gm,NEOff,3,8,2,AGGATAGG,ACTTGA,CGATGT,Pop8_18149.1.fq.gz,Pop8_18149.2.fq.gz,Pop8_18149.rem.1.fq.gz,Pop8_18149.rem.2.fq.gz,Pop8,18149,Pop8_18149
78,17_296_Gm,MassWinter,3,9,2,AGGATAGG,GATCAG,CGATGT,Pop1_17296.1.fq.gz,Pop1_17296.2.fq.gz,Pop1_17296.rem.1.fq.gz,Pop1_17296.rem.2.fq.gz,Pop1,17296,Pop1_17296
79,17_316_Gm,MassRed,3,7,3,AGGATAGG,CAGATC,TTAGGC,Pop2_17316.1.fq.gz,Pop2_17316.2.fq.gz,Pop2_17316.rem.1.fq.gz,Pop2_17316.rem.2.fq.gz,Pop2,17316,Pop2_17316
80,17_282_Gm,CashesRed,3,8,3,AGGATAGG,ACTTGA,TTAGGC,Pop5_17282.1.fq.gz,Pop5_17282.2.fq.gz,Pop5_17282.rem.1.fq.gz,Pop5_17282.rem.2.fq.gz,Pop5,17282,Pop5_17282
81,18_039_Gm,SWOff,3,9,3,AGGATAGG,GATCAG,TTAGGC,Pop6_18039.1.fq.gz,Pop6_18039.2.fq.gz,Pop6_18039.rem.1.fq.gz,Pop6_18039.rem.2.fq.gz,Pop6,18039,Pop6_18039
82,18_179_Gm,SWNear,3,7,4,AGGATAGG,CAGATC,TGGCCA,Pop7_18179.1.fq.gz,Pop7_18179.2.fq.gz,Pop7_18179.rem.1.fq.gz,Pop7_18179.rem.2.fq.gz,Pop7,18179,Pop7_18179
83,18_183_Gm,SWNear,3,8,4,AGGATAGG,ACTTGA,TGGCCA,Pop7_18183.1.fq.gz,Pop7_18183.2.fq.gz,Pop7_18183.rem.1.fq.gz,Pop7_18183.rem.2.fq.gz,Pop7,18183,Pop7_18183
84,18_112_Gm,NEOff,3,9,4,AGGATAGG,GATCAG,TGGCCA,Pop8_18112.1.fq.gz,Pop8_18112.2.fq.gz,Pop8_18112.rem.1.fq.gz,Pop8_18112.rem.2.fq.gz,Pop8,18112,Pop8_18112
85,18_180_Gm,SWNear,3,7,5,AGGATAGG,CAGATC,ACAGTG,Pop7_18180.1.fq.gz,Pop7_18180.2.fq.gz,Pop7_18180.rem.1.fq.gz,Pop7_18180.rem.2.fq.gz,Pop7,18180,Pop7_18180
86,17_203_Gm,CashesOlive,3,8,5,AGGATAGG,ACTTGA,ACAGTG,Pop4_17203.1.fq.gz,Pop4_17203.2.fq.gz,Pop4_17203.rem.1.fq.gz,Pop4_17203.rem.2.fq.gz,Pop4,17203,Pop4_17203
87,18_032_Gm,SWOff,3,9,5,AGGATAGG,GATCAG,ACAGTG,Pop6_18032.1.fq.gz,Pop6_18032.2.fq.gz,Pop6_18032.rem.1.fq.gz,Pop6_18032.rem.2.fq.gz,Pop6,18032,Pop6_18032
88,18_194_Gm,SWNear,3,7,6,AGGATAGG,CAGATC,GCCAAT,Pop7_18194.1.fq.gz,Pop7_18194.2.fq.gz,Pop7_18194.rem.1.fq.gz,Pop7_18194.rem.2.fq.gz,Pop7,18194,Pop7_18194
89,18_052_Gm,NENear,3,8,6,AGGATAGG,ACTTGA,GCCAAT,Pop9_18052.1.fq.gz,Pop9_18052.2.fq.gz,Pop9_18052.rem.1.fq.gz,Pop9_18052.rem.2.fq.gz,Pop9,18052,Pop9_18052
90,17_260_Gm,CashesOlive,3,9,6,AGGATAGG,GATCAG,GCCAAT,Pop4_17260.1.fq.gz,Pop4_17260.2.fq.gz,Pop4_17260.rem.1.fq.gz,Pop4_17260.rem.2.fq.gz,Pop4,17260,Pop4_17260
91,17_287_Gm,MassSpring,3,7,7,AGGATAGG,CAGATC,CAGATC,Pop3_17287.1.fq.gz,Pop3_17287.2.fq.gz,Pop3_17287.rem.1.fq.gz,Pop3_17287.rem.2.fq.gz,Pop3,17287,Pop3_17287
92,18_186_Gm,SWNear,3,8,7,AGGATAGG,ACTTGA,CAGATC,Pop7_18186.1.fq.gz,Pop7_18186.2.fq.gz,Pop7_18186.rem.1.fq.gz,Pop7_18186.rem.2.fq.gz,Pop7,18186,Pop7_18186
93,18_099_Gm,NENear,3,9,7,AGGATAGG,GATCAG,CAGATC,Pop9_18099.1.fq.gz,Pop9_18099.2.fq.gz,Pop9_18099.rem.1.fq.gz,Pop9_18099.rem.2.fq.gz,Pop9,18099,Pop9_18099
94,18_078_Gm,NENear,3,7,8,AGGATAGG,CAGATC,ACTTGA,Pop9_18078.1.fq.gz,Pop9_18078.2.fq.gz,Pop9_18078.rem.1.fq.gz,Pop9_18078.rem.2.fq.gz,Pop9,18078,Pop9_18078
95,18_162_Gm,SWNear,3,8,8,AGGATAGG,ACTTGA,ACTTGA,Pop7_18162.1.fq.gz,Pop7_18162.2.fq.gz,Pop7_18162.rem.1.fq.gz,Pop7_18162.rem.2.fq.gz,Pop7,18162,Pop7_18162
96,17_304_Gm,MassSpring,2,9,8,GCCTCTAT,GATCAG,ACTTGA,Pop3_17304.1.fq.gz,Pop3_17304.2.fq.gz,Pop3_17304.rem.1.fq.gz,Pop3_17304.rem.2.fq.gz,Pop3,17304,Pop3_17304
97,17_280_Gm,CashesRed,3,7,9,AGGATAGG,CAGATC,GATCAG,Pop5_17280.1.fq.gz,Pop5_17280.2.fq.gz,Pop5_17280.rem.1.fq.gz,Pop5_17280.rem.2.fq.gz,Pop5,17280,Pop5_17280
98,18_090_Gm,NENear,3,8,9,AGGATAGG,ACTTGA,GATCAG,Pop9_18090.1.fq.gz,Pop9_18090.2.fq.gz,Pop9_18090.rem.1.fq.gz,Pop9_18090.rem.2.fq.gz,Pop9,18090,Pop9_18090
99,18_095_Gm,NENear,3,9,9,AGGATAGG,GATCAG,GATCAG,Pop9_18095.1.fq.gz,Pop9_18095.2.fq.gz,Pop9_18095.rem.1.fq.gz,Pop9_18095.rem.2.fq.gz,Pop9,18095,Pop9_18095
100,18_025_Gm,SWOff,3,7,10,AGGATAGG,CAGATC,TAGCTT,Pop6_18025.1.fq.gz,Pop6_18025.2.fq.gz,Pop6_18025.rem.1.fq.gz,Pop6_18025.rem.2.fq.gz,Pop6,18025,Pop6_18025
101,17_015_Gm,MassRed,3,8,10,AGGATAGG,ACTTGA,TAGCTT,Pop2_17015.1.fq.gz,Pop2_17015.2.fq.gz,Pop2_17015.rem.1.fq.gz,Pop2_17015.rem.2.fq.gz,Pop2,17015,Pop2_17015
102,18_124_Gm,NEOff,3,9,10,AGGATAGG,GATCAG,TAGCTT,Pop8_18124.1.fq.gz,Pop8_18124.2.fq.gz,Pop8_18124.rem.1.fq.gz,Pop8_18124.rem.2.fq.gz,Pop8,18124,Pop8_18124
103,16_216_Gm,MassWinter,3,7,11,AGGATAGG,CAGATC,GGCTAC,Pop1_16216.1.fq.gz,Pop1_16216.2.fq.gz,Pop1_16216.rem.1.fq.gz,Pop1_16216.rem.2.fq.gz,Pop1,16216,Pop1_16216
104,17_156_Gm,MassRed,3,8,11,AGGATAGG,ACTTGA,GGCTAC,Pop2_17156.1.fq.gz,Pop2_17156.2.fq.gz,Pop2_17156.rem.1.fq.gz,Pop2_17156.rem.2.fq.gz,Pop2,17156,Pop2_17156
105,17_309_Gm,MassWinter,3,9,11,AGGATAGG,GATCAG,GGCTAC,Pop1_17309.1.fq.gz,Pop1_17309.2.fq.gz,Pop1_17309.rem.1.fq.gz,Pop1_17309.rem.2.fq.gz,Pop1,17309,Pop1_17309
106,18_143_Gm,NEOff,3,7,12,AGGATAGG,CAGATC,CTTGCA,Pop8_18143.1.fq.gz,Pop8_18143.2.fq.gz,Pop8_18143.rem.1.fq.gz,Pop8_18143.rem.2.fq.gz,Pop8,18143,Pop8_18143
107,17_153_Gm,MassRed,3,8,12,AGGATAGG,ACTTGA,CTTGCA,Pop2_17153.1.fq.gz,Pop2_17153.2.fq.gz,Pop2_17153.rem.1.fq.gz,Pop2_17153.rem.2.fq.gz,Pop2,17153,Pop2_17153
108,17_024_Gm,MassRed,3,9,12,AGGATAGG,GATCAG,CTTGCA,Pop2_17024.1.fq.gz,Pop2_17024.2.fq.gz,Pop2_17024.rem.1.fq.gz,Pop2_17024.rem.2.fq.gz,Pop2,17024,Pop2_17024
109,17_261_Gm,CashesRed,9,4,1,TTGTCGGT,TGACCA,ATCACG,Pop5_17261.1.fq.gz,Pop5_17261.2.fq.gz,Pop5_17261.rem.1.fq.gz,Pop5_17261.rem.2.fq.gz,Pop5,17261,Pop5_17261
110,18_001_Gm,SWOff,4,11,1,TCAGAGCC,GGCTAC,ATCACG,Pop6_18001.1.fq.gz,Pop6_18001.2.fq.gz,Pop6_18001.rem.1.fq.gz,Pop6_18001.rem.2.fq.gz,Pop6,18001,Pop6_18001
111,17_027_Gm,MassRed,4,12,1,TCAGAGCC,CTTGTA,ATCACG,Pop2_17027.1.fq.gz,Pop2_17027.2.fq.gz,Pop2_17027.rem.1.fq.gz,Pop2_17027.rem.2.fq.gz,Pop2,17027,Pop2_17027
112,18_166_Gm,SWNear,4,10,2,TCAGAGCC,TAGCTT,CGATGT,Pop7_18166.1.fq.gz,Pop7_18166.2.fq.gz,Pop7_18166.rem.1.fq.gz,Pop7_18166.rem.2.fq.gz,Pop7,18166,Pop7_18166
113,18_173_Gm,SWNear,4,11,2,TCAGAGCC,GGCTAC,CGATGT,Pop7_18173.1.fq.gz,Pop7_18173.2.fq.gz,Pop7_18173.rem.1.fq.gz,Pop7_18173.rem.2.fq.gz,Pop7,18173,Pop7_18173
114,18_058_Gm,NENear,4,12,2,TCAGAGCC,CTTGTA,CGATGT,Pop9_18058.1.fq.gz,Pop9_18058.2.fq.gz,Pop9_18058.rem.1.fq.gz,Pop9_18058.rem.2.fq.gz,Pop9,18058,Pop9_18058
115,18_081_Gm,NENear,4,10,3,TCAGAGCC,TAGCTT,TTAGGC,Pop9_18081.1.fq.gz,Pop9_18081.2.fq.gz,Pop9_18081.rem.1.fq.gz,Pop9_18081.rem.2.fq.gz,Pop9,18081,Pop9_18081
116,18_148_Gm,NEOff,4,11,3,TCAGAGCC,GGCTAC,TTAGGC,Pop8_18148.1.fq.gz,Pop8_18148.2.fq.gz,Pop8_18148.rem.1.fq.gz,Pop8_18148.rem.2.fq.gz,Pop8,18148,Pop8_18148
117,18_189_Gm,SWNear,4,12,3,TCAGAGCC,CTTGTA,TTAGGC,Pop7_18189.1.fq.gz,Pop7_18189.2.fq.gz,Pop7_18189.rem.1.fq.gz,Pop7_18189.rem.2.fq.gz,Pop7,18189,Pop7_18189
118,18_044_Gm,SWOff,4,10,4,TCAGAGCC,TAGCTT,TGGCCA,Pop6_18044.1.fq.gz,Pop6_18044.2.fq.gz,Pop6_18044.rem.1.fq.gz,Pop6_18044.rem.2.fq.gz,Pop6,18044,Pop6_18044
119,18_064_Gm,NENear,4,11,4,TCAGAGCC,GGCTAC,TGGCCA,Pop9_18064.1.fq.gz,Pop9_18064.2.fq.gz,Pop9_18064.rem.1.fq.gz,Pop9_18064.rem.2.fq.gz,Pop9,18064,Pop9_18064
120,18_125_Gm,NEOff,4,12,4,TCAGAGCC,CTTGTA,TGGCCA,Pop8_18125.1.fq.gz,Pop8_18125.2.fq.gz,Pop8_18125.rem.1.fq.gz,Pop8_18125.rem.2.fq.gz,Pop8,18125,Pop8_18125
121,17_221_Gm,CashesOlive,4,10,5,TCAGAGCC,TAGCTT,ACAGTG,Pop4_17221.1.fq.gz,Pop4_17221.2.fq.gz,Pop4_17221.rem.1.fq.gz,Pop4_17221.rem.2.fq.gz,Pop4,17221,Pop4_17221
122,16_228_Gm,MassSpring,4,11,5,TCAGAGCC,GGCTAC,ACAGTG,Pop3_16228.1.fq.gz,Pop3_16228.2.fq.gz,Pop3_16228.rem.1.fq.gz,Pop3_16228.rem.2.fq.gz,Pop3,16228,Pop3_16228
123,17_206_Gm,CashesOlive,4,12,5,TCAGAGCC,CTTGTA,ACAGTG,Pop4_17206.1.fq.gz,Pop4_17206.2.fq.gz,Pop4_17206.rem.1.fq.gz,Pop4_17206.rem.2.fq.gz,Pop4,17206,Pop4_17206
124,17_226_Gm,CashesOlive,4,10,6,TCAGAGCC,TAGCTT,GCCAAT,Pop4_17226.1.fq.gz,Pop4_17226.2.fq.gz,Pop4_17226.rem.1.fq.gz,Pop4_17226.rem.2.fq.gz,Pop4,17226,Pop4_17226
125,17_210_Gm,CashesOlive,4,11,6,TCAGAGCC,GGCTAC,GCCAAT,Pop4_17210.1.fq.gz,Pop4_17210.2.fq.gz,Pop4_17210.rem.1.fq.gz,Pop4_17210.rem.2.fq.gz,Pop4,17210,Pop4_17210
126,18_178_Gm,SWNear,4,12,6,TCAGAGCC,CTTGTA,GCCAAT,Pop7_18178.1.fq.gz,Pop7_18178.2.fq.gz,Pop7_18178.rem.1.fq.gz,Pop7_18178.rem.2.fq.gz,Pop7,18178,Pop7_18178
127,18_093_Gm,NENear,4,10,7,TCAGAGCC,TAGCTT,CAGATC,Pop9_18093.1.fq.gz,Pop9_18093.2.fq.gz,Pop9_18093.rem.1.fq.gz,Pop9_18093.rem.2.fq.gz,Pop9,18093,Pop9_18093
128,18_035_Gm,SWOff,4,11,7,TCAGAGCC,GGCTAC,CAGATC,Pop6_18035.1.fq.gz,Pop6_18035.2.fq.gz,Pop6_18035.rem.1.fq.gz,Pop6_18035.rem.2.fq.gz,Pop6,18035,Pop6_18035
129,17_257_Gm,CashesRed,4,12,7,TCAGAGCC,CTTGTA,CAGATC,Pop5_17257.1.fq.gz,Pop5_17257.2.fq.gz,Pop5_17257.rem.1.fq.gz,Pop5_17257.rem.2.fq.gz,Pop5,17257,Pop5_17257
130,17_006_Gm,MassRed,4,10,8,TCAGAGCC,TAGCTT,ACTTGA,Pop2_17006.1.fq.gz,Pop2_17006.2.fq.gz,Pop2_17006.rem.1.fq.gz,Pop2_17006.rem.2.fq.gz,Pop2,17006,Pop2_17006
131,18_038_Gm,SWOff,4,11,8,TCAGAGCC,GGCTAC,ACTTGA,Pop6_18038.1.fq.gz,Pop6_18038.2.fq.gz,Pop6_18038.rem.1.fq.gz,Pop6_18038.rem.2.fq.gz,Pop6,18038,Pop6_18038
132,18_138_Gm,NEOff,4,12,8,TCAGAGCC,CTTGTA,ACTTGA,Pop8_18138.1.fq.gz,Pop8_18138.2.fq.gz,Pop8_18138.rem.1.fq.gz,Pop8_18138.rem.2.fq.gz,Pop8,18138,Pop8_18138
133,18_155_Gm,SWNear,4,10,9,TCAGAGCC,TAGCTT,GATCAG,Pop7_18155.1.fq.gz,Pop7_18155.2.fq.gz,Pop7_18155.rem.1.fq.gz,Pop7_18155.rem.2.fq.gz,Pop7,18155,Pop7_18155
134,18_130_Gm,NEOff,4,11,9,TCAGAGCC,GGCTAC,GATCAG,Pop8_18130.1.fq.gz,Pop8_18130.2.fq.gz,Pop8_18130.rem.1.fq.gz,Pop8_18130.rem.2.fq.gz,Pop8,18130,Pop8_18130
135,17_032_Gm,MassWinter,4,12,9,TCAGAGCC,CTTGTA,GATCAG,Pop1_17032.1.fq.gz,Pop1_17032.2.fq.gz,Pop1_17032.rem.1.fq.gz,Pop1_17032.rem.2.fq.gz,Pop1,17032,Pop1_17032
136,18_122_Gm,NEOff,4,10,10,TCAGAGCC,TAGCTT,TAGCTT,Pop8_18122.1.fq.gz,Pop8_18122.2.fq.gz,Pop8_18122.rem.1.fq.gz,Pop8_18122.rem.2.fq.gz,Pop8,18122,Pop8_18122
137,18_113_Gm,NEOff,4,11,10,TCAGAGCC,GGCTAC,TAGCTT,Pop8_18113.1.fq.gz,Pop8_18113.2.fq.gz,Pop8_18113.rem.1.fq.gz,Pop8_18113.rem.2.fq.gz,Pop8,18113,Pop8_18113
138,18_077_Gm,NENear,4,12,10,TCAGAGCC,CTTGTA,TAGCTT,Pop9_18077.1.fq.gz,Pop9_18077.2.fq.gz,Pop9_18077.rem.1.fq.gz,Pop9_18077.rem.2.fq.gz,Pop9,18077,Pop9_18077
139,17_272_Gm,CashesRed,4,10,11,TCAGAGCC,TAGCTT,GGCTAC,Pop5_17272.1.fq.gz,Pop5_17272.2.fq.gz,Pop5_17272.rem.1.fq.gz,Pop5_17272.rem.2.fq.gz,Pop5,17272,Pop5_17272
140,18_190_Gm,SWNear,4,11,11,TCAGAGCC,GGCTAC,GGCTAC,Pop7_18190.1.fq.gz,Pop7_18190.2.fq.gz,Pop7_18190.rem.1.fq.gz,Pop7_18190.rem.2.fq.gz,Pop7,18190,Pop7_18190
141,18_087_Gm,NENear,4,12,11,TCAGAGCC,CTTGTA,GGCTAC,Pop9_18087.1.fq.gz,Pop9_18087.2.fq.gz,Pop9_18087.rem.1.fq.gz,Pop9_18087.rem.2.fq.gz,Pop9,18087,Pop9_18087
142,17_020_Gm,MassRed,4,10,12,TCAGAGCC,TAGCTT,CTTGCA,Pop2_17020.1.fq.gz,Pop2_17020.2.fq.gz,Pop2_17020.rem.1.fq.gz,Pop2_17020.rem.2.fq.gz,Pop2,17020,Pop2_17020
143,17_327_Gm,MassWinter,4,11,12,TCAGAGCC,GGCTAC,CTTGCA,Pop1_17327.1.fq.gz,Pop1_17327.2.fq.gz,Pop1_17327.rem.1.fq.gz,Pop1_17327.rem.2.fq.gz,Pop1,17327,Pop1_17327
144,16_239_Gm,MassWinter,4,12,12,TCAGAGCC,CTTGTA,CTTGCA,Pop1_16239.1.fq.gz,Pop1_16239.2.fq.gz,Pop1_16239.rem.1.fq.gz,Pop1_16239.rem.2.fq.gz,Pop1,16239,Pop1_16239
145,18_030_Gm,SWOff,5,1,1,CTTCGCCT,ATCACG,ATCACG,Pop6_18030.1.fq.gz,Pop6_18030.2.fq.gz,Pop6_18030.rem.1.fq.gz,Pop6_18030.rem.2.fq.gz,Pop6,18030,Pop6_18030
146,17_029_Gm,MassRed,5,2,1,CTTCGCCT,CGATGT,ATCACG,Pop2_17029.1.fq.gz,Pop2_17029.2.fq.gz,Pop2_17029.rem.1.fq.gz,Pop2_17029.rem.2.fq.gz,Pop2,17029,Pop2_17029
147,18_136_Gm,NEOff,5,3,1,CTTCGCCT,TTAGGC,ATCACG,Pop8_18136.1.fq.gz,Pop8_18136.2.fq.gz,Pop8_18136.rem.1.fq.gz,Pop8_18136.rem.2.fq.gz,Pop8,18136,Pop8_18136
148,16_240_Gm,MassSpring,5,1,2,CTTCGCCT,ATCACG,CGATGT,Pop3_16240.1.fq.gz,Pop3_16240.2.fq.gz,Pop3_16240.rem.1.fq.gz,Pop3_16240.rem.2.fq.gz,Pop3,16240,Pop3_16240
149,17_305_Gm,MassWinter,5,2,2,CTTCGCCT,CGATGT,CGATGT,Pop1_17305.1.fq.gz,Pop1_17305.2.fq.gz,Pop1_17305.rem.1.fq.gz,Pop1_17305.rem.2.fq.gz,Pop1,17305,Pop1_17305
150,16_214_Gm,MassRed,5,3,2,CTTCGCCT,TTAGGC,CGATGT,Pop2_16214.1.fq.gz,Pop2_16214.2.fq.gz,Pop2_16214.rem.1.fq.gz,Pop2_16214.rem.2.fq.gz,Pop2,16214,Pop2_16214
151,17_017_Gm,MassRed,5,1,3,CTTCGCCT,ATCACG,TTAGGC,Pop2_17017.1.fq.gz,Pop2_17017.2.fq.gz,Pop2_17017.rem.1.fq.gz,Pop2_17017.rem.2.fq.gz,Pop2,17017,Pop2_17017
152,18_117_Gm,NEOff,5,2,3,CTTCGCCT,CGATGT,TTAGGC,Pop8_18117.1.fq.gz,Pop8_18117.2.fq.gz,Pop8_18117.rem.1.fq.gz,Pop8_18117.rem.2.fq.gz,Pop8,18117,Pop8_18117
153,17_023_Gm,MassRed,9,6,3,TTGTCGGT,GCCAAT,TTAGGC,Pop2_17023.1.fq.gz,Pop2_17023.2.fq.gz,Pop2_17023.rem.1.fq.gz,Pop2_17023.rem.2.fq.gz,Pop2,17023,Pop2_17023
154,18_012_Gm,SWOff,5,1,4,CTTCGCCT,ATCACG,TGGCCA,Pop6_18012.1.fq.gz,Pop6_18012.2.fq.gz,Pop6_18012.rem.1.fq.gz,Pop6_18012.rem.2.fq.gz,Pop6,18012,Pop6_18012
155,17_268_Gm,CashesRed,5,2,4,CTTCGCCT,CGATGT,TGGCCA,Pop5_17268.1.fq.gz,Pop5_17268.2.fq.gz,Pop5_17268.rem.1.fq.gz,Pop5_17268.rem.2.fq.gz,Pop5,17268,Pop5_17268
156,18_167_Gm,SWNear,5,3,4,CTTCGCCT,TTAGGC,TGGCCA,Pop7_18167.1.fq.gz,Pop7_18167.2.fq.gz,Pop7_18167.rem.1.fq.gz,Pop7_18167.rem.2.fq.gz,Pop7,18167,Pop7_18167
157,18_075_Gm,NENear,5,1,5,CTTCGCCT,ATCACG,ACAGTG,Pop9_18075.1.fq.gz,Pop9_18075.2.fq.gz,Pop9_18075.rem.1.fq.gz,Pop9_18075.rem.2.fq.gz,Pop9,18075,Pop9_18075
158,18_073_Gm,NENear,5,2,5,CTTCGCCT,CGATGT,ACAGTG,Pop9_18073.1.fq.gz,Pop9_18073.2.fq.gz,Pop9_18073.rem.1.fq.gz,Pop9_18073.rem.2.fq.gz,Pop9,18073,Pop9_18073
159,17_308_Gm,MassWinter,5,3,5,CTTCGCCT,TTAGGC,ACAGTG,Pop1_17308.1.fq.gz,Pop1_17308.2.fq.gz,Pop1_17308.rem.1.fq.gz,Pop1_17308.rem.2.fq.gz,Pop1,17308,Pop1_17308
160,18_192_Gm,SWNear,5,1,6,CTTCGCCT,ATCACG,GCCAAT,Pop7_18192.1.fq.gz,Pop7_18192.2.fq.gz,Pop7_18192.rem.1.fq.gz,Pop7_18192.rem.2.fq.gz,Pop7,18192,Pop7_18192
161,16_248_Gm,MassSpring,5,2,6,CTTCGCCT,CGATGT,GCCAAT,Pop3_16248.1.fq.gz,Pop3_16248.2.fq.gz,Pop3_16248.rem.1.fq.gz,Pop3_16248.rem.2.fq.gz,Pop3,16248,Pop3_16248
162,18_141_Gm,NEOff,5,3,6,CTTCGCCT,TTAGGC,GCCAAT,Pop8_18141.1.fq.gz,Pop8_18141.2.fq.gz,Pop8_18141.rem.1.fq.gz,Pop8_18141.rem.2.fq.gz,Pop8,18141,Pop8_18141
163,16_229_Gm,MassWinter,9,4,7,TTGTCGGT,TGACCA,CAGATC,Pop1_16229.1.fq.gz,Pop1_16229.2.fq.gz,Pop1_16229.rem.1.fq.gz,Pop1_16229.rem.2.fq.gz,Pop1,16229,Pop1_16229
164,17_277_Gm,CashesOlive,5,2,7,CTTCGCCT,CGATGT,CAGATC,Pop4_17277.1.fq.gz,Pop4_17277.2.fq.gz,Pop4_17277.rem.1.fq.gz,Pop4_17277.rem.2.fq.gz,Pop4,17277,Pop4_17277
165,17_325_Gm,MassSpring,5,3,7,CTTCGCCT,TTAGGC,CAGATC,Pop3_17325.1.fq.gz,Pop3_17325.2.fq.gz,Pop3_17325.rem.1.fq.gz,Pop3_17325.rem.2.fq.gz,Pop3,17325,Pop3_17325
166,18_046_Gm,SWOff,5,1,8,CTTCGCCT,ATCACG,ACTTGA,Pop6_18046.1.fq.gz,Pop6_18046.2.fq.gz,Pop6_18046.rem.1.fq.gz,Pop6_18046.rem.2.fq.gz,Pop6,18046,Pop6_18046
167,18_151_Gm,NEOff,5,2,8,CTTCGCCT,CGATGT,ACTTGA,Pop8_18151.1.fq.gz,Pop8_18151.2.fq.gz,Pop8_18151.rem.1.fq.gz,Pop8_18151.rem.2.fq.gz,Pop8,18151,Pop8_18151
168,18_021_Gm,SWOff,5,3,8,CTTCGCCT,TTAGGC,ACTTGA,Pop6_18021.1.fq.gz,Pop6_18021.2.fq.gz,Pop6_18021.rem.1.fq.gz,Pop6_18021.rem.2.fq.gz,Pop6,18021,Pop6_18021
169,17_215_Gm,CashesOlive,5,1,9,CTTCGCCT,ATCACG,GATCAG,Pop4_17215.1.fq.gz,Pop4_17215.2.fq.gz,Pop4_17215.rem.1.fq.gz,Pop4_17215.rem.2.fq.gz,Pop4,17215,Pop4_17215
170,18_108_Gm,NEOff,5,2,9,CTTCGCCT,CGATGT,GATCAG,Pop8_18108.1.fq.gz,Pop8_18108.2.fq.gz,Pop8_18108.rem.1.fq.gz,Pop8_18108.rem.2.fq.gz,Pop8,18108,Pop8_18108
171,17_234_Gm,CashesOlive,5,3,9,CTTCGCCT,TTAGGC,GATCAG,Pop4_17234.1.fq.gz,Pop4_17234.2.fq.gz,Pop4_17234.rem.1.fq.gz,Pop4_17234.rem.2.fq.gz,Pop4,17234,Pop4_17234
172,18_015_Gm,SWOff,5,1,10,CTTCGCCT,ATCACG,TAGCTT,Pop6_18015.1.fq.gz,Pop6_18015.2.fq.gz,Pop6_18015.rem.1.fq.gz,Pop6_18015.rem.2.fq.gz,Pop6,18015,Pop6_18015
173,17_154_Gm,MassRed,5,2,10,CTTCGCCT,CGATGT,TAGCTT,Pop2_17154.1.fq.gz,Pop2_17154.2.fq.gz,Pop2_17154.rem.1.fq.gz,Pop2_17154.rem.2.fq.gz,Pop2,17154,Pop2_17154
174,18_031_Gm,SWOff,5,3,10,CTTCGCCT,TTAGGC,TAGCTT,Pop6_18031.1.fq.gz,Pop6_18031.2.fq.gz,Pop6_18031.rem.1.fq.gz,Pop6_18031.rem.2.fq.gz,Pop6,18031,Pop6_18031
175,18_003_Gm,SWOff,5,1,11,CTTCGCCT,ATCACG,GGCTAC,Pop6_18003.1.fq.gz,Pop6_18003.2.fq.gz,Pop6_18003.rem.1.fq.gz,Pop6_18003.rem.2.fq.gz,Pop6,18003,Pop6_18003
176,16_242_Gm,MassWinter,5,2,11,CTTCGCCT,CGATGT,GGCTAC,Pop1_16242.1.fq.gz,Pop1_16242.2.fq.gz,Pop1_16242.rem.1.fq.gz,Pop1_16242.rem.2.fq.gz,Pop1,16242,Pop1_16242
177,18_193_Gm,SWNear,5,3,11,CTTCGCCT,TTAGGC,GGCTAC,Pop7_18193.1.fq.gz,Pop7_18193.2.fq.gz,Pop7_18193.rem.1.fq.gz,Pop7_18193.rem.2.fq.gz,Pop7,18193,Pop7_18193
178,17_283_Gm,CashesRed,5,1,12,CTTCGCCT,ATCACG,CTTGCA,Pop5_17283.1.fq.gz,Pop5_17283.2.fq.gz,Pop5_17283.rem.1.fq.gz,Pop5_17283.rem.2.fq.gz,Pop5,17283,Pop5_17283
179,16_243_Gm,MassSpring,5,2,12,CTTCGCCT,CGATGT,CTTGCA,Pop3_16243.1.fq.gz,Pop3_16243.2.fq.gz,Pop3_16243.rem.1.fq.gz,Pop3_16243.rem.2.fq.gz,Pop3,16243,Pop3_16243
180,17_254_Gm,CashesRed,5,3,12,CTTCGCCT,TTAGGC,CTTGCA,Pop5_17254.1.fq.gz,Pop5_17254.2.fq.gz,Pop5_17254.rem.1.fq.gz,Pop5_17254.rem.2.fq.gz,Pop5,17254,Pop5_17254
181,18_163_Gm,SWNear,6,4,1,TAAGATTA,TGACCA,ATCACG,Pop7_18163.1.fq.gz,Pop7_18163.2.fq.gz,Pop7_18163.rem.1.fq.gz,Pop7_18163.rem.2.fq.gz,Pop7,18163,Pop7_18163
182,18_029_Gm,SWOff,6,5,1,TAAGATTA,ACAGTG,ATCACG,Pop6_18029.1.fq.gz,Pop6_18029.2.fq.gz,Pop6_18029.rem.1.fq.gz,Pop6_18029.rem.2.fq.gz,Pop6,18029,Pop6_18029
183,18_094_Gm,NENear,6,6,1,TAAGATTA,GCCAAT,ATCACG,Pop9_18094.1.fq.gz,Pop9_18094.2.fq.gz,Pop9_18094.rem.1.fq.gz,Pop9_18094.rem.2.fq.gz,Pop9,18094,Pop9_18094
184,18_020_Gm,SWOff,6,4,2,TAAGATTA,TGACCA,CGATGT,Pop6_18020.1.fq.gz,Pop6_18020.2.fq.gz,Pop6_18020.rem.1.fq.gz,Pop6_18020.rem.2.fq.gz,Pop6,18020,Pop6_18020
185,18_061_Gm,NENear,6,5,2,TAAGATTA,ACAGTG,CGATGT,Pop9_18061.1.fq.gz,Pop9_18061.2.fq.gz,Pop9_18061.rem.1.fq.gz,Pop9_18061.rem.2.fq.gz,Pop9,18061,Pop9_18061
186,17_253_Gm,CashesRed,6,6,2,TAAGATTA,GCCAAT,CGATGT,Pop5_17253.1.fq.gz,Pop5_17253.2.fq.gz,Pop5_17253.rem.1.fq.gz,Pop5_17253.rem.2.fq.gz,Pop5,17253,Pop5_17253
187,17_298_Gm,MassWinter,6,4,3,TAAGATTA,TGACCA,TTAGGC,Pop1_17298.1.fq.gz,Pop1_17298.2.fq.gz,Pop1_17298.rem.1.fq.gz,Pop1_17298.rem.2.fq.gz,Pop1,17298,Pop1_17298
188,17_240_Gm,CashesOlive,6,5,3,TAAGATTA,ACAGTG,TTAGGC,Pop4_17240.1.fq.gz,Pop4_17240.2.fq.gz,Pop4_17240.rem.1.fq.gz,Pop4_17240.rem.2.fq.gz,Pop4,17240,Pop4_17240
189,18_022_Gm,SWOff,6,6,3,TAAGATTA,GCCAAT,TTAGGC,Pop6_18022.1.fq.gz,Pop6_18022.2.fq.gz,Pop6_18022.rem.1.fq.gz,Pop6_18022.rem.2.fq.gz,Pop6,18022,Pop6_18022
190,17_013_Gm,MassRed,6,4,4,TAAGATTA,TGACCA,TGGCCA,Pop2_17013.1.fq.gz,Pop2_17013.2.fq.gz,Pop2_17013.rem.1.fq.gz,Pop2_17013.rem.2.fq.gz,Pop2,17013,Pop2_17013
191,17_017_Gm,MassWinter,6,5,4,TAAGATTA,ACAGTG,TGGCCA,Pop1_17017.1.fq.gz,Pop1_17017.2.fq.gz,Pop1_17017.rem.1.fq.gz,Pop1_17017.rem.2.fq.gz,Pop1,17017,Pop1_17017
192,16_245_Gm,MassSpring,6,6,4,TAAGATTA,GCCAAT,TGGCCA,Pop3_16245.1.fq.gz,Pop3_16245.2.fq.gz,Pop3_16245.rem.1.fq.gz,Pop3_16245.rem.2.fq.gz,Pop3,16245,Pop3_16245
193,18_160_Gm,SWNear,6,4,5,TAAGATTA,TGACCA,ACAGTG,Pop7_18160.1.fq.gz,Pop7_18160.2.fq.gz,Pop7_18160.rem.1.fq.gz,Pop7_18160.rem.2.fq.gz,Pop7,18160,Pop7_18160
194,18_008_Gm,SWOff,6,5,5,TAAGATTA,ACAGTG,ACAGTG,Pop6_18008.1.fq.gz,Pop6_18008.2.fq.gz,Pop6_18008.rem.1.fq.gz,Pop6_18008.rem.2.fq.gz,Pop6,18008,Pop6_18008
195,17_273_Gm,CashesRed,6,6,5,TAAGATTA,GCCAAT,ACAGTG,Pop5_17273.1.fq.gz,Pop5_17273.2.fq.gz,Pop5_17273.rem.1.fq.gz,Pop5_17273.rem.2.fq.gz,Pop5,17273,Pop5_17273
196,18_134_Gm,NEOff,6,4,6,TAAGATTA,TGACCA,GCCAAT,Pop8_18134.1.fq.gz,Pop8_18134.2.fq.gz,Pop8_18134.rem.1.fq.gz,Pop8_18134.rem.2.fq.gz,Pop8,18134,Pop8_18134
197,17_016_Gm,MassRed,6,5,6,TAAGATTA,ACAGTG,GCCAAT,Pop2_17016.1.fq.gz,Pop2_17016.2.fq.gz,Pop2_17016.rem.1.fq.gz,Pop2_17016.rem.2.fq.gz,Pop2,17016,Pop2_17016
198,17_031_Gm,MassRed,6,6,6,TAAGATTA,GCCAAT,GCCAAT,Pop2_17031.1.fq.gz,Pop2_17031.2.fq.gz,Pop2_17031.rem.1.fq.gz,Pop2_17031.rem.2.fq.gz,Pop2,17031,Pop2_17031
199,18_097_Gm,NENear,6,4,7,TAAGATTA,TGACCA,CAGATC,Pop9_18097.1.fq.gz,Pop9_18097.2.fq.gz,Pop9_18097.rem.1.fq.gz,Pop9_18097.rem.2.fq.gz,Pop9,18097,Pop9_18097
200,17_003_Gm,MassRed,6,5,7,TAAGATTA,ACAGTG,CAGATC,Pop2_17003.1.fq.gz,Pop2_17003.2.fq.gz,Pop2_17003.rem.1.fq.gz,Pop2_17003.rem.2.fq.gz,Pop2,17003,Pop2_17003
201,18_084_Gm,NENear,6,6,7,TAAGATTA,GCCAAT,CAGATC,Pop9_18084.1.fq.gz,Pop9_18084.2.fq.gz,Pop9_18084.rem.1.fq.gz,Pop9_18084.rem.2.fq.gz,Pop9,18084,Pop9_18084
202,18_074_Gm,NENear,6,4,8,TAAGATTA,TGACCA,ACTTGA,Pop9_18074.1.fq.gz,Pop9_18074.2.fq.gz,Pop9_18074.rem.1.fq.gz,Pop9_18074.rem.2.fq.gz,Pop9,18074,Pop9_18074
203,17_022_Gm,MassRed,6,5,8,TAAGATTA,ACAGTG,ACTTGA,Pop2_17022.1.fq.gz,Pop2_17022.2.fq.gz,Pop2_17022.rem.1.fq.gz,Pop2_17022.rem.2.fq.gz,Pop2,17022,Pop2_17022
204,17_262_Gm,CashesRed,6,6,8,TAAGATTA,GCCAAT,ACTTGA,Pop5_17262.1.fq.gz,Pop5_17262.2.fq.gz,Pop5_17262.rem.1.fq.gz,Pop5_17262.rem.2.fq.gz,Pop5,17262,Pop5_17262
205,17_270_Gm,CashesRed,6,4,9,TAAGATTA,TGACCA,GATCAG,Pop5_17270.1.fq.gz,Pop5_17270.2.fq.gz,Pop5_17270.rem.1.fq.gz,Pop5_17270.rem.2.fq.gz,Pop5,17270,Pop5_17270
206,18_048_Gm,SWOff,6,5,9,TAAGATTA,ACAGTG,GATCAG,Pop6_18048.1.fq.gz,Pop6_18048.2.fq.gz,Pop6_18048.rem.1.fq.gz,Pop6_18048.rem.2.fq.gz,Pop6,18048,Pop6_18048
207,18_002_Gm,SWOff,6,6,9,TAAGATTA,GCCAAT,GATCAG,Pop6_18002.1.fq.gz,Pop6_18002.2.fq.gz,Pop6_18002.rem.1.fq.gz,Pop6_18002.rem.2.fq.gz,Pop6,18002,Pop6_18002
208,18_171_Gm,SWNear,6,4,10,TAAGATTA,TGACCA,TAGCTT,Pop7_18171.1.fq.gz,Pop7_18171.2.fq.gz,Pop7_18171.rem.1.fq.gz,Pop7_18171.rem.2.fq.gz,Pop7,18171,Pop7_18171
209,18_106_Gm,NEOff,6,5,10,TAAGATTA,ACAGTG,TAGCTT,Pop8_18106.1.fq.gz,Pop8_18106.2.fq.gz,Pop8_18106.rem.1.fq.gz,Pop8_18106.rem.2.fq.gz,Pop8,18106,Pop8_18106
210,17_005_Gm,MassRed,6,6,10,TAAGATTA,GCCAAT,TAGCTT,Pop2_17005.1.fq.gz,Pop2_17005.2.fq.gz,Pop2_17005.rem.1.fq.gz,Pop2_17005.rem.2.fq.gz,Pop2,17005,Pop2_17005
211,18_047_Gm,SWOff,9,5,11,TTGTCGGT,ACAGTG,GGCTAC,Pop6_18047.1.fq.gz,Pop6_18047.2.fq.gz,Pop6_18047.rem.1.fq.gz,Pop6_18047.rem.2.fq.gz,Pop6,18047,Pop6_18047
212,18_118_Gm,NEOff,6,5,11,TAAGATTA,ACAGTG,GGCTAC,Pop8_18118.1.fq.gz,Pop8_18118.2.fq.gz,Pop8_18118.rem.1.fq.gz,Pop8_18118.rem.2.fq.gz,Pop8,18118,Pop8_18118
213,17_242_Gm,CashesOlive,6,6,11,TAAGATTA,GCCAAT,GGCTAC,Pop4_17242.1.fq.gz,Pop4_17242.2.fq.gz,Pop4_17242.rem.1.fq.gz,Pop4_17242.rem.2.fq.gz,Pop4,17242,Pop4_17242
214,16_211_Gm,MassRed,6,4,12,TAAGATTA,TGACCA,CTTGCA,Pop2_16211.1.fq.gz,Pop2_16211.2.fq.gz,Pop2_16211.rem.1.fq.gz,Pop2_16211.rem.2.fq.gz,Pop2,16211,Pop2_16211
215,18_065_Gm,NENear,6,5,12,TAAGATTA,ACAGTG,CTTGCA,Pop9_18065.1.fq.gz,Pop9_18065.2.fq.gz,Pop9_18065.rem.1.fq.gz,Pop9_18065.rem.2.fq.gz,Pop9,18065,Pop9_18065
216,17_314_Gm,MassRed,6,6,12,TAAGATTA,GCCAAT,CTTGCA,Pop2_17314.1.fq.gz,Pop2_17314.2.fq.gz,Pop2_17314.rem.1.fq.gz,Pop2_17314.rem.2.fq.gz,Pop2,17314,Pop2_17314
217,17_265_Gm,CashesRed,7,7,1,ACGTCCTG,CAGATC,ATCACG,Pop5_17265.1.fq.gz,Pop5_17265.2.fq.gz,Pop5_17265.rem.1.fq.gz,Pop5_17265.rem.2.fq.gz,Pop5,17265,Pop5_17265
218,18_120_Gm,NEOff,7,8,1,ACGTCCTG,ACTTGA,ATCACG,Pop8_18120.1.fq.gz,Pop8_18120.2.fq.gz,Pop8_18120.rem.1.fq.gz,Pop8_18120.rem.2.fq.gz,Pop8,18120,Pop8_18120
219,16_224_Gm,MassWinter,7,9,1,ACGTCCTG,GATCAG,ATCACG,Pop1_16224.1.fq.gz,Pop1_16224.2.fq.gz,Pop1_16224.rem.1.fq.gz,Pop1_16224.rem.2.fq.gz,Pop1,16224,Pop1_16224
220,18_109_Gm,NEOff,7,7,2,ACGTCCTG,CAGATC,CGATGT,Pop8_18109.1.fq.gz,Pop8_18109.2.fq.gz,Pop8_18109.rem.1.fq.gz,Pop8_18109.rem.2.fq.gz,Pop8,18109,Pop8_18109
221,18_188_Gm,SWNear,7,8,2,ACGTCCTG,ACTTGA,CGATGT,Pop7_18188.1.fq.gz,Pop7_18188.2.fq.gz,Pop7_18188.rem.1.fq.gz,Pop7_18188.rem.2.fq.gz,Pop7,18188,Pop7_18188
222,16_219_Gm,MassRed,7,9,2,ACGTCCTG,GATCAG,CGATGT,Pop2_16219.1.fq.gz,Pop2_16219.2.fq.gz,Pop2_16219.rem.1.fq.gz,Pop2_16219.rem.2.fq.gz,Pop2,16219,Pop2_16219
223,18_174_Gm,SWNear,7,7,3,ACGTCCTG,CAGATC,TTAGGC,Pop7_18174.1.fq.gz,Pop7_18174.2.fq.gz,Pop7_18174.rem.1.fq.gz,Pop7_18174.rem.2.fq.gz,Pop7,18174,Pop7_18174
224,17_326_Gm,MassWinter,7,8,3,ACGTCCTG,ACTTGA,TTAGGC,Pop1_17326.1.fq.gz,Pop1_17326.2.fq.gz,Pop1_17326.rem.1.fq.gz,Pop1_17326.rem.2.fq.gz,Pop1,17326,Pop1_17326
225,18_082_Gm,NENear,7,9,3,ACGTCCTG,GATCAG,TTAGGC,Pop9_18082.1.fq.gz,Pop9_18082.2.fq.gz,Pop9_18082.rem.1.fq.gz,Pop9_18082.rem.2.fq.gz,Pop9,18082,Pop9_18082
226,18_085_Gm,NENear,7,7,4,ACGTCCTG,CAGATC,TGGCCA,Pop9_18085.1.fq.gz,Pop9_18085.2.fq.gz,Pop9_18085.rem.1.fq.gz,Pop9_18085.rem.2.fq.gz,Pop9,18085,Pop9_18085
227,18_086_Gm,NENear,7,8,4,ACGTCCTG,ACTTGA,TGGCCA,Pop9_18086.1.fq.gz,Pop9_18086.2.fq.gz,Pop9_18086.rem.1.fq.gz,Pop9_18086.rem.2.fq.gz,Pop9,18086,Pop9_18086
228,18_013_Gm,SWOff,7,9,4,ACGTCCTG,GATCAG,TGGCCA,Pop6_18013.1.fq.gz,Pop6_18013.2.fq.gz,Pop6_18013.rem.1.fq.gz,Pop6_18013.rem.2.fq.gz,Pop6,18013,Pop6_18013
229,17_216_Gm,CashesOlive,7,7,5,ACGTCCTG,CAGATC,ACAGTG,Pop4_17216.1.fq.gz,Pop4_17216.2.fq.gz,Pop4_17216.rem.1.fq.gz,Pop4_17216.rem.2.fq.gz,Pop4,17216,Pop4_17216
230,18_098_Gm,NENear,7,8,5,ACGTCCTG,ACTTGA,ACAGTG,Pop9_18098.1.fq.gz,Pop9_18098.2.fq.gz,Pop9_18098.rem.1.fq.gz,Pop9_18098.rem.2.fq.gz,Pop9,18098,Pop9_18098
231,18_165_Gm,SWNear,7,9,5,ACGTCCTG,GATCAG,ACAGTG,Pop7_18165.1.fq.gz,Pop7_18165.2.fq.gz,Pop7_18165.rem.1.fq.gz,Pop7_18165.rem.2.fq.gz,Pop7,18165,Pop7_18165
232,18_128_Gm,NEOff,7,7,6,ACGTCCTG,CAGATC,GCCAAT,Pop8_18128.1.fq.gz,Pop8_18128.2.fq.gz,Pop8_18128.rem.1.fq.gz,Pop8_18128.rem.2.fq.gz,Pop8,18128,Pop8_18128
233,18_185_Gm,SWNear,7,8,6,ACGTCCTG,ACTTGA,GCCAAT,Pop7_18185.1.fq.gz,Pop7_18185.2.fq.gz,Pop7_18185.rem.1.fq.gz,Pop7_18185.rem.2.fq.gz,Pop7,18185,Pop7_18185
234,18_041_Gm,SWOff,7,9,6,ACGTCCTG,GATCAG,GCCAAT,Pop6_18041.1.fq.gz,Pop6_18041.2.fq.gz,Pop6_18041.rem.1.fq.gz,Pop6_18041.rem.2.fq.gz,Pop6,18041,Pop6_18041
235,18_053_Gm,NENear,7,7,7,ACGTCCTG,CAGATC,CAGATC,Pop9_18053.1.fq.gz,Pop9_18053.2.fq.gz,Pop9_18053.rem.1.fq.gz,Pop9_18053.rem.2.fq.gz,Pop9,18053,Pop9_18053
236,18_133_Gm,NEOff,7,8,7,ACGTCCTG,ACTTGA,CAGATC,Pop8_18133.1.fq.gz,Pop8_18133.2.fq.gz,Pop8_18133.rem.1.fq.gz,Pop8_18133.rem.2.fq.gz,Pop8,18133,Pop8_18133
237,18_069_Gm,NENear,7,9,7,ACGTCCTG,GATCAG,CAGATC,Pop9_18069.1.fq.gz,Pop9_18069.2.fq.gz,Pop9_18069.rem.1.fq.gz,Pop9_18069.rem.2.fq.gz,Pop9,18069,Pop9_18069
238,17_256_Gm,CashesRed,7,7,8,ACGTCCTG,CAGATC,ACTTGA,Pop5_17256.1.fq.gz,Pop5_17256.2.fq.gz,Pop5_17256.rem.1.fq.gz,Pop5_17256.rem.2.fq.gz,Pop5,17256,Pop5_17256
239,16_238_Gm,MassWinter,7,8,8,ACGTCCTG,ACTTGA,ACTTGA,Pop1_16238.1.fq.gz,Pop1_16238.2.fq.gz,Pop1_16238.rem.1.fq.gz,Pop1_16238.rem.2.fq.gz,Pop1,16238,Pop1_16238
240,17_233_Gm,CashesOlive,7,9,8,ACGTCCTG,GATCAG,ACTTGA,Pop4_17233.1.fq.gz,Pop4_17233.2.fq.gz,Pop4_17233.rem.1.fq.gz,Pop4_17233.rem.2.fq.gz,Pop4,17233,Pop4_17233
241,18_187_Gm,SWNear,7,7,9,ACGTCCTG,CAGATC,GATCAG,Pop7_18187.1.fq.gz,Pop7_18187.2.fq.gz,Pop7_18187.rem.1.fq.gz,Pop7_18187.rem.2.fq.gz,Pop7,18187,Pop7_18187
242,18_037_Gm,SWOff,7,8,9,ACGTCCTG,ACTTGA,GATCAG,Pop6_18037.1.fq.gz,Pop6_18037.2.fq.gz,Pop6_18037.rem.1.fq.gz,Pop6_18037.rem.2.fq.gz,Pop6,18037,Pop6_18037
243,18_158_Gm,SWNear,7,9,9,ACGTCCTG,GATCAG,GATCAG,Pop7_18158.1.fq.gz,Pop7_18158.2.fq.gz,Pop7_18158.rem.1.fq.gz,Pop7_18158.rem.2.fq.gz,Pop7,18158,Pop7_18158
244,16_247_Gm,MassWinter,7,7,10,ACGTCCTG,CAGATC,TAGCTT,Pop1_16247.1.fq.gz,Pop1_16247.2.fq.gz,Pop1_16247.rem.1.fq.gz,Pop1_16247.rem.2.fq.gz,Pop1,16247,Pop1_16247
245,17_264_Gm,CashesRed,7,8,10,ACGTCCTG,ACTTGA,TAGCTT,Pop5_17264.1.fq.gz,Pop5_17264.2.fq.gz,Pop5_17264.rem.1.fq.gz,Pop5_17264.rem.2.fq.gz,Pop5,17264,Pop5_17264
246,18_019_Gm,SWOff,7,9,10,ACGTCCTG,GATCAG,TAGCTT,Pop6_18019.1.fq.gz,Pop6_18019.2.fq.gz,Pop6_18019.rem.1.fq.gz,Pop6_18019.rem.2.fq.gz,Pop6,18019,Pop6_18019
247,18_062_Gm,NENear,7,7,11,ACGTCCTG,CAGATC,GGCTAC,Pop9_18062.1.fq.gz,Pop9_18062.2.fq.gz,Pop9_18062.rem.1.fq.gz,Pop9_18062.rem.2.fq.gz,Pop9,18062,Pop9_18062
248,16_241_Gm,MassWinter,7,8,11,ACGTCCTG,ACTTGA,GGCTAC,Pop1_16241.1.fq.gz,Pop1_16241.2.fq.gz,Pop1_16241.rem.1.fq.gz,Pop1_16241.rem.2.fq.gz,Pop1,16241,Pop1_16241
249,17_249_Gm,CashesOlive,7,9,11,ACGTCCTG,GATCAG,GGCTAC,Pop4_17249.1.fq.gz,Pop4_17249.2.fq.gz,Pop4_17249.rem.1.fq.gz,Pop4_17249.rem.2.fq.gz,Pop4,17249,Pop4_17249
250,17_259_Gm,CashesRed,7,7,12,ACGTCCTG,CAGATC,CTTGCA,Pop5_17259.1.fq.gz,Pop5_17259.2.fq.gz,Pop5_17259.rem.1.fq.gz,Pop5_17259.rem.2.fq.gz,Pop5,17259,Pop5_17259
251,18_104_Gm,NEOff,7,8,12,ACGTCCTG,ACTTGA,CTTGCA,Pop8_18104.1.fq.gz,Pop8_18104.2.fq.gz,Pop8_18104.rem.1.fq.gz,Pop8_18104.rem.2.fq.gz,Pop8,18104,Pop8_18104
252,16_221_Gm,MassSpring,7,9,12,ACGTCCTG,GATCAG,CTTGCA,Pop3_16221.1.fq.gz,Pop3_16221.2.fq.gz,Pop3_16221.rem.1.fq.gz,Pop3_16221.rem.2.fq.gz,Pop3,16221,Pop3_16221
253,17_285_Gm,MassWinter,8,10,1,GTCAGTAC,TAGCTT,ATCACG,Pop1_17285.1.fq.gz,Pop1_17285.2.fq.gz,Pop1_17285.rem.1.fq.gz,Pop1_17285.rem.2.fq.gz,Pop1,17285,Pop1_17285
254,17_286_Gm,MassWinter,8,11,1,GTCAGTAC,GGCTAC,ATCACG,Pop1_17286.1.fq.gz,Pop1_17286.2.fq.gz,Pop1_17286.rem.1.fq.gz,Pop1_17286.rem.2.fq.gz,Pop1,17286,Pop1_17286
255,16_249_Gm,MassWinter,8,12,1,GTCAGTAC,CTTGTA,ATCACG,Pop1_16249.1.fq.gz,Pop1_16249.2.fq.gz,Pop1_16249.rem.1.fq.gz,Pop1_16249.rem.2.fq.gz,Pop1,16249,Pop1_16249
256,18_083_Gm,NENear,8,10,2,GTCAGTAC,TAGCTT,CGATGT,Pop9_18083.1.fq.gz,Pop9_18083.2.fq.gz,Pop9_18083.rem.1.fq.gz,Pop9_18083.rem.2.fq.gz,Pop9,18083,Pop9_18083
257,18_152_Gm,SWNear,8,11,2,GTCAGTAC,GGCTAC,CGATGT,Pop7_18152.1.fq.gz,Pop7_18152.2.fq.gz,Pop7_18152.rem.1.fq.gz,Pop7_18152.rem.2.fq.gz,Pop7,18152,Pop7_18152
258,17_018_Gm,MassRed,8,12,2,GTCAGTAC,CTTGTA,CGATGT,Pop2_17018.1.fq.gz,Pop2_17018.2.fq.gz,Pop2_17018.rem.1.fq.gz,Pop2_17018.rem.2.fq.gz,Pop2,17018,Pop2_17018
259,18_080_Gm,NENear,8,10,3,GTCAGTAC,TAGCTT,TTAGGC,Pop9_18080.1.fq.gz,Pop9_18080.2.fq.gz,Pop9_18080.rem.1.fq.gz,Pop9_18080.rem.2.fq.gz,Pop9,18080,Pop9_18080
260,17_026_Gm,MassRed,8,11,3,GTCAGTAC,GGCTAC,TTAGGC,Pop2_17026.1.fq.gz,Pop2_17026.2.fq.gz,Pop2_17026.rem.1.fq.gz,Pop2_17026.rem.2.fq.gz,Pop2,17026,Pop2_17026
261,18_168_Gm,SWNear,8,12,3,GTCAGTAC,CTTGTA,TTAGGC,Pop7_18168.1.fq.gz,Pop7_18168.2.fq.gz,Pop7_18168.rem.1.fq.gz,Pop7_18168.rem.2.fq.gz,Pop7,18168,Pop7_18168
262,17_028_Gm,MassRed,8,10,4,GTCAGTAC,TAGCTT,TGGCCA,Pop2_17028.1.fq.gz,Pop2_17028.2.fq.gz,Pop2_17028.rem.1.fq.gz,Pop2_17028.rem.2.fq.gz,Pop2,17028,Pop2_17028
263,18_116_Gm,NEOff,8,11,4,GTCAGTAC,GGCTAC,TGGCCA,Pop8_18116.1.fq.gz,Pop8_18116.2.fq.gz,Pop8_18116.rem.1.fq.gz,Pop8_18116.rem.2.fq.gz,Pop8,18116,Pop8_18116
264,18_175_Gm,SWNear,8,12,4,GTCAGTAC,CTTGTA,TGGCCA,Pop7_18175.1.fq.gz,Pop7_18175.2.fq.gz,Pop7_18175.rem.1.fq.gz,Pop7_18175.rem.2.fq.gz,Pop7,18175,Pop7_18175
265,17_224_Gm,CashesOlive,8,10,5,GTCAGTAC,TAGCTT,ACAGTG,Pop4_17224.1.fq.gz,Pop4_17224.2.fq.gz,Pop4_17224.rem.1.fq.gz,Pop4_17224.rem.2.fq.gz,Pop4,17224,Pop4_17224
266,18_131_Gm,NEOff,8,11,5,GTCAGTAC,GGCTAC,ACAGTG,Pop8_18131.1.fq.gz,Pop8_18131.2.fq.gz,Pop8_18131.rem.1.fq.gz,Pop8_18131.rem.2.fq.gz,Pop8,18131,Pop8_18131
267,18_142_Gm,NEOff,8,12,5,GTCAGTAC,CTTGTA,ACAGTG,Pop8_18142.1.fq.gz,Pop8_18142.2.fq.gz,Pop8_18142.rem.1.fq.gz,Pop8_18142.rem.2.fq.gz,Pop8,18142,Pop8_18142
268,17_292_Gm,MassSpring,8,10,6,GTCAGTAC,TAGCTT,GCCAAT,Pop3_17292.1.fq.gz,Pop3_17292.2.fq.gz,Pop3_17292.rem.1.fq.gz,Pop3_17292.rem.2.fq.gz,Pop3,17292,Pop3_17292
269,17_011_Gm,MassRed,8,11,6,GTCAGTAC,GGCTAC,GCCAAT,Pop2_17011.1.fq.gz,Pop2_17011.2.fq.gz,Pop2_17011.rem.1.fq.gz,Pop2_17011.rem.2.fq.gz,Pop2,17011,Pop2_17011
270,16_218_Gm,MassRed,8,12,6,GTCAGTAC,CTTGTA,GCCAAT,Pop2_16218.1.fq.gz,Pop2_16218.2.fq.gz,Pop2_16218.rem.1.fq.gz,Pop2_16218.rem.2.fq.gz,Pop2,16218,Pop2_16218
271,18_159_Gm,SWNear,8,10,7,GTCAGTAC,TAGCTT,CAGATC,Pop7_18159.1.fq.gz,Pop7_18159.2.fq.gz,Pop7_18159.rem.1.fq.gz,Pop7_18159.rem.2.fq.gz,Pop7,18159,Pop7_18159
272,17_263_Gm,CashesRed,8,11,7,GTCAGTAC,GGCTAC,CAGATC,Pop5_17263.1.fq.gz,Pop5_17263.2.fq.gz,Pop5_17263.rem.1.fq.gz,Pop5_17263.rem.2.fq.gz,Pop5,17263,Pop5_17263
273,18_056_Gm,NENear,8,12,7,GTCAGTAC,CTTGTA,CAGATC,Pop9_18056.1.fq.gz,Pop9_18056.2.fq.gz,Pop9_18056.rem.1.fq.gz,Pop9_18056.rem.2.fq.gz,Pop9,18056,Pop9_18056
274,18_014_Gm,SWOff,8,10,8,GTCAGTAC,TAGCTT,ACTTGA,Pop6_18014.1.fq.gz,Pop6_18014.2.fq.gz,Pop6_18014.rem.1.fq.gz,Pop6_18014.rem.2.fq.gz,Pop6,18014,Pop6_18014
275,17_245_Gm,CashesOlive,8,11,8,GTCAGTAC,GGCTAC,ACTTGA,Pop4_17245.1.fq.gz,Pop4_17245.2.fq.gz,Pop4_17245.rem.1.fq.gz,Pop4_17245.rem.2.fq.gz,Pop4,17245,Pop4_17245
276,16_220_Gm,MassWinter,8,12,8,GTCAGTAC,CTTGTA,ACTTGA,Pop1_16220.1.fq.gz,Pop1_16220.2.fq.gz,Pop1_16220.rem.1.fq.gz,Pop1_16220.rem.2.fq.gz,Pop1,16220,Pop1_16220
277,17_317_Gm,MassWinter,8,10,9,GTCAGTAC,TAGCTT,GATCAG,Pop1_17317.1.fq.gz,Pop1_17317.2.fq.gz,Pop1_17317.rem.1.fq.gz,Pop1_17317.rem.2.fq.gz,Pop1,17317,Pop1_17317
278,17_289_Gm,MassWinter,8,11,9,GTCAGTAC,GGCTAC,GATCAG,Pop1_17289.1.fq.gz,Pop1_17289.2.fq.gz,Pop1_17289.rem.1.fq.gz,Pop1_17289.rem.2.fq.gz,Pop1,17289,Pop1_17289
279,17_258_Gm,CashesRed,8,12,9,GTCAGTAC,CTTGTA,GATCAG,Pop5_17258.1.fq.gz,Pop5_17258.2.fq.gz,Pop5_17258.rem.1.fq.gz,Pop5_17258.rem.2.fq.gz,Pop5,17258,Pop5_17258
280,17_279_Gm,CashesRed,8,10,10,GTCAGTAC,TAGCTT,TAGCTT,Pop5_17279.1.fq.gz,Pop5_17279.2.fq.gz,Pop5_17279.rem.1.fq.gz,Pop5_17279.rem.2.fq.gz,Pop5,17279,Pop5_17279
281,18_191_Gm,SWNear,8,11,10,GTCAGTAC,GGCTAC,TAGCTT,Pop7_18191.1.fq.gz,Pop7_18191.2.fq.gz,Pop7_18191.rem.1.fq.gz,Pop7_18191.rem.2.fq.gz,Pop7,18191,Pop7_18191
282,18_140_Gm,NEOff,8,12,10,GTCAGTAC,CTTGTA,TAGCTT,Pop8_18140.1.fq.gz,Pop8_18140.2.fq.gz,Pop8_18140.rem.1.fq.gz,Pop8_18140.rem.2.fq.gz,Pop8,18140,Pop8_18140
283,17_311_Gm,MassWinter,8,10,11,GTCAGTAC,TAGCTT,GGCTAC,Pop1_17311.1.fq.gz,Pop1_17311.2.fq.gz,Pop1_17311.rem.1.fq.gz,Pop1_17311.rem.2.fq.gz,Pop1,17311,Pop1_17311
284,17_204_Gm,CashesOlive,8,11,11,GTCAGTAC,GGCTAC,GGCTAC,Pop4_17204.1.fq.gz,Pop4_17204.2.fq.gz,Pop4_17204.rem.1.fq.gz,Pop4_17204.rem.2.fq.gz,Pop4,17204,Pop4_17204
285,18_150_Gm,NEOff,8,12,11,GTCAGTAC,CTTGTA,GGCTAC,Pop8_18150.1.fq.gz,Pop8_18150.2.fq.gz,Pop8_18150.rem.1.fq.gz,Pop8_18150.rem.2.fq.gz,Pop8,18150,Pop8_18150
286,17_284_Gm,MassWinter,8,10,12,GTCAGTAC,TAGCTT,CTTGCA,Pop1_17284.1.fq.gz,Pop1_17284.2.fq.gz,Pop1_17284.rem.1.fq.gz,Pop1_17284.rem.2.fq.gz,Pop1,17284,Pop1_17284
287,18_034_Gm,SWOff,8,11,12,GTCAGTAC,GGCTAC,CTTGCA,Pop6_18034.1.fq.gz,Pop6_18034.2.fq.gz,Pop6_18034.rem.1.fq.gz,Pop6_18034.rem.2.fq.gz,Pop6,18034,Pop6_18034
288,17_303_Gm,MassWinter,8,12,12,GTCAGTAC,CTTGTA,CTTGCA,Pop1_17303.1.fq.gz,Pop1_17303.2.fq.gz,Pop1_17303.rem.1.fq.gz,Pop1_17303.rem.2.fq.gz,Pop1,17303,Pop1_17303
289,18_059_Gm,NENear,9,1,1,TTGTCGGT,ATCACG,ATCACG,Pop9_18059.1.fq.gz,Pop9_18059.2.fq.gz,Pop9_18059.rem.1.fq.gz,Pop9_18059.rem.2.fq.gz,Pop9,18059,Pop9_18059
290,17_155_Gm,MassRed,9,2,2,TTGTCGGT,CGATGT,CGATGT,Pop2_17155.1.fq.gz,Pop2_17155.2.fq.gz,Pop2_17155.rem.1.fq.gz,Pop2_17155.rem.2.fq.gz,Pop2,17155,Pop2_17155
291,18_017_Gm,SWOff,9,3,3,TTGTCGGT,TTAGGC,TTAGGC,Pop6_18017.1.fq.gz,Pop6_18017.2.fq.gz,Pop6_18017.rem.1.fq.gz,Pop6_18017.rem.2.fq.gz,Pop6,18017,Pop6_18017
292,17_030_Gm,MassSpring,9,1,4,TTGTCGGT,ATCACG,TGGCCA,Pop3_17030.1.fq.gz,Pop3_17030.2.fq.gz,Pop3_17030.rem.1.fq.gz,Pop3_17030.rem.2.fq.gz,Pop3,17030,Pop3_17030
293,17_290_Gm,MassSpring,9,2,5,TTGTCGGT,CGATGT,ACAGTG,Pop3_17290.1.fq.gz,Pop3_17290.2.fq.gz,Pop3_17290.rem.1.fq.gz,Pop3_17290.rem.2.fq.gz,Pop3,17290,Pop3_17290
294,17_278_Gm,CashesRed,9,3,6,TTGTCGGT,TTAGGC,GCCAAT,Pop5_17278.1.fq.gz,Pop5_17278.2.fq.gz,Pop5_17278.rem.1.fq.gz,Pop5_17278.rem.2.fq.gz,Pop5,17278,Pop5_17278
295,18_091_Gm,NENear,9,1,7,TTGTCGGT,ATCACG,CAGATC,Pop9_18091.1.fq.gz,Pop9_18091.2.fq.gz,Pop9_18091.rem.1.fq.gz,Pop9_18091.rem.2.fq.gz,Pop9,18091,Pop9_18091
296,17_019_Gm,MassRed,9,2,8,TTGTCGGT,CGATGT,ACTTGA,Pop2_17019.1.fq.gz,Pop2_17019.2.fq.gz,Pop2_17019.rem.1.fq.gz,Pop2_17019.rem.2.fq.gz,Pop2,17019,Pop2_17019
297,17_291_Gm,MassWinter,9,3,9,TTGTCGGT,TTAGGC,GATCAG,Pop1_17291.1.fq.gz,Pop1_17291.2.fq.gz,Pop1_17291.rem.1.fq.gz,Pop1_17291.rem.2.fq.gz,Pop1,17291,Pop1_17291
298,16_233_Gm,MassWinter,9,1,10,TTGTCGGT,ATCACG,TAGCTT,Pop1_16233.1.fq.gz,Pop1_16233.2.fq.gz,Pop1_16233.rem.1.fq.gz,Pop1_16233.rem.2.fq.gz,Pop1,16233,Pop1_16233
299,16_234_Gm,MassWinter,9,2,11,TTGTCGGT,CGATGT,GGCTAC,Pop1_16234.1.fq.gz,Pop1_16234.2.fq.gz,Pop1_16234.rem.1.fq.gz,Pop1_16234.rem.2.fq.gz,Pop1,16234,Pop1_16234
300,17_236_Gm,CashesOlive,9,3,12,TTGTCGGT,TTAGGC,CTTGCA,Pop4_17236.1.fq.gz,Pop4_17236.2.fq.gz,Pop4_17236.rem.1.fq.gz,Pop4_17236.rem.2.fq.gz,Pop4,17236,Pop4_17236
301,17_011_Gm,MassRed,9,6,6,TTGTCGGT,GCCAAT,GCCAAT,Pop2_17011.1.fq.gz,Pop2_17011.2.fq.gz,Pop2_17011.rem.1.fq.gz,Pop2_17011.rem.2.fq.gz,Pop2,17011,Pop2_17011